sent_id,word_id,token,cpostag,postag,head,deprel,deps,parent_token,parent_deprel,stem,stem_pos,parent_stem,parent_stem_pos
1,1,once,ADV,RB,2,advmod,1:advmod|2:prep,upon,prep,once,once_advmod,upon,upon_prep
1,2,upon,ADP,IN,7,prep,2:prep|7:ROOT,was,ROOT,upon,upon_prep,was,was_ROOT
1,3,a,DET,DT,4,det,3:det|4:pobj,time,pobj,a,a_det,time,time_pobj
1,4,time,NOUN,NN,2,pobj,4:pobj|2:prep,upon,prep,time,time_pobj,upon,upon_prep
1,6,there,DET,EX,7,expl,6:expl|7:ROOT,was,ROOT,there,there_expl,was,was_ROOT
1,7,was,VERB,VBD,0,ROOT,7:ROOT|0:NA,NA,NA,was,was_ROOT,NA,NA_NA
1,8,a,DET,DT,10,det,8:det|10:nsubj,girl,nsubj,a,a_det,girl,girl_nsubj
1,9,little,ADJ,JJ,10,amod,9:amod|10:nsubj,girl,nsubj,little,little_amod,girl,girl_nsubj
1,10,girl,NOUN,NN,7,nsubj,10:nsubj|7:ROOT,was,ROOT,girl,girl_nsubj,was,was_ROOT
1,11,who,PRON,WP,12,nsubj,11:nsubj|12:rcmod,lived,rcmod,who,who_nsubj,lived,lived_rcmod
1,12,lived,VERB,VBD,10,rcmod,12:rcmod|10:nsubj,girl,nsubj,lived,lived_rcmod,girl,girl_nsubj
1,13,in,ADP,IN,12,prep,13:prep|12:rcmod,lived,rcmod,in,in_prep,lived,lived_rcmod
1,14,a,DET,DT,15,det,14:det|15:pobj,village,pobj,a,a_det,village,village_pobj
1,15,village,NOUN,NN,13,pobj,15:pobj|13:prep,in,prep,village,village_pobj,in,in_prep
1,16,near,ADP,IN,15,prep,16:prep|15:pobj,village,pobj,near,near_prep,village,village_pobj
1,17,the,DET,DT,18,det,17:det|18:pobj,forest,pobj,the,the_det,forest,forest_pobj
1,18,forest,NOUN,NN,16,pobj,18:pobj|16:prep,near,prep,forest,forest_pobj,near,near_prep
2,1,whenever,ADV,WRB,3,advmod,1:advmod|3:advcl,went,advcl,whenever,whenever_advmod,went,went_advcl
2,2,she,PRON,PRP,3,nsubj,2:nsubj|3:advcl,went,advcl,she,she_nsubj,went,went_advcl
2,3,went,VERB,VBD,9,advcl,3:advcl|9:ROOT,wore,ROOT,went,went_advcl,wore,wore_ROOT
2,4,out,ADV,RB,3,advmod,4:advmod|3:advcl,went,advcl,out,out_advmod,went,went_advcl
2,6,the,DET,DT,8,det,6:det|8:nsubj,girl,nsubj,the,the_det,girl,girl_nsubj
2,7,little,ADJ,JJ,8,amod,7:amod|8:nsubj,girl,nsubj,little,little_amod,girl,girl_nsubj
2,8,girl,NOUN,NN,9,nsubj,8:nsubj|9:ROOT,wore,ROOT,girl,girl_nsubj,wore,wore_ROOT
2,9,wore,VERB,VBD,0,ROOT,9:ROOT|0:NA,NA,NA,wore,wore_ROOT,NA,NA_NA
2,10,a,DET,DT,13,det,10:det|13:dobj,cloak,dobj,a,a_det,cloak,cloak_dobj
2,11,red,ADJ,JJ,12,amod,11:amod|12:nn,riding,nn,red,red_amod,riding,riding_nn
2,12,riding,NOUN,NN,13,nn,12:nn|13:dobj,cloak,dobj,riding,riding_nn,cloak,cloak_dobj
2,13,cloak,NOUN,NN,9,dobj,13:dobj|9:ROOT,wore,ROOT,cloak,cloak_dobj,wore,wore_ROOT
2,15,so,ADP,IN,20,mark,15:mark|20:advcl,called,advcl,so,so_mark,called,called_advcl
2,16,everyone,NOUN,NN,20,nsubj,16:nsubj|20:advcl,called,advcl,everyone,everyone_nsubj,called,called_advcl
2,17,in,ADP,IN,16,prep,17:prep|16:nsubj,everyone,nsubj,in,in_prep,everyone,everyone_nsubj
2,18,the,DET,DT,19,det,18:det|19:pobj,village,pobj,the,the_det,village,village_pobj
2,19,village,NOUN,NN,17,pobj,19:pobj|17:prep,in,prep,village,village_pobj,in,in_prep
2,20,called,VERB,VBD,9,advcl,20:advcl|9:ROOT,wore,ROOT,called,called_advcl,wore,wore_ROOT
2,21,her,PRON,PRP,20,dobj,21:dobj|20:advcl,called,advcl,her,her_dobj,called,called_advcl
2,22,little,NOUN,NNP,25,nn,22:nn|25:dep,Hood,dep,little,little_nn,Hood,Hood_dep
2,23,red,NOUN,NNP,25,nn,23:nn|25:dep,Hood,dep,red,red_nn,Hood,Hood_dep
2,24,riding,NOUN,NNP,25,nn,24:nn|25:dep,Hood,dep,riding,riding_nn,Hood,Hood_dep
2,25,hood,NOUN,NNP,20,dep,25:dep|20:advcl,called,advcl,hood,hood_dep,called,called_advcl
3,1,one,NUM,CD,2,num,1:num|2:tmod,morning,tmod,on,one_num,morning,morning_tmod
3,2,morning,NOUN,NN,8,tmod,2:tmod|8:ROOT,asked,ROOT,morning,morning_tmod,asked,asked_ROOT
3,4,little,NOUN,NNP,5,nn,4:nn|5:nn,Red,nn,little,little_nn,Red,Red_nn
3,5,red,NOUN,NNP,7,nn,5:nn|7:nsubj,Hood,nsubj,red,red_nn,Hood,Hood_nsubj
3,6,riding,NOUN,NNP,7,nn,6:nn|7:nsubj,Hood,nsubj,riding,riding_nn,Hood,Hood_nsubj
3,7,hood,NOUN,NNP,8,nsubj,7:nsubj|8:ROOT,asked,ROOT,hood,hood_nsubj,asked,asked_ROOT
3,8,asked,VERB,VBD,0,ROOT,8:ROOT|0:NA,NA,NA,asked,asked_ROOT,NA,NA_NA
3,9,her,PRON,PRP$,10,poss,9:poss|10:dobj,mother,dobj,her,her_poss,mother,mother_dobj
3,10,mother,NOUN,NN,8,dobj,10:dobj|8:ROOT,asked,ROOT,mother,mother_dobj,asked,asked_ROOT
3,11,if,ADP,IN,14,mark,11:mark|14:advcl,go,advcl,if,if_mark,go,go_advcl
3,12,she,PRON,PRP,14,nsubj,12:nsubj|14:advcl,go,advcl,she,she_nsubj,go,go_advcl
3,13,could,VERB,MD,14,aux,13:aux|14:advcl,go,advcl,could,could_aux,go,go_advcl
3,14,go,VERB,VB,8,advcl,14:advcl|8:ROOT,asked,ROOT,go,go_advcl,asked,asked_ROOT
3,15,to,PRT,TO,16,aux,15:aux|16:xcomp,visit,xcomp,to,to_aux,visit,visit_xcomp
3,16,visit,VERB,VB,14,xcomp,16:xcomp|14:advcl,go,advcl,visit,visit_xcomp,go,go_advcl
3,17,her,PRON,PRP$,18,poss,17:poss|18:dobj,grandmother,dobj,her,her_poss,grandmother,grandmother_dobj
3,18,grandmother,NOUN,NN,16,dobj,18:dobj|16:xcomp,visit,xcomp,grandmother,grandmother_dobj,visit,visit_xcomp
3,19,as,ADP,IN,22,mark,19:mark|22:advcl,been,advcl,a,as_mark,been,been_advcl
3,20,it,PRON,PRP,22,nsubj,20:nsubj|22:advcl,been,advcl,it,it_nsubj,been,been_advcl
3,21,had,VERB,VBD,22,aux,21:aux|22:advcl,been,advcl,had,had_aux,been,been_advcl
3,22,been,VERB,VBN,14,advcl,22:advcl|14:advcl,go,advcl,been,been_advcl,go,go_advcl
3,23,awhile,ADV,RB,22,advmod,23:advmod|22:advcl,been,advcl,awhile,awhile_advmod,been,been_advcl
3,24,since,ADP,IN,27,mark,24:mark|27:advcl,seen,advcl,since,since_mark,seen,seen_advcl
3,25,they,PRON,PRP,27,nsubj,25:nsubj|27:advcl,seen,advcl,they,they_nsubj,seen,seen_advcl
3,26,'d,VERB,MD,27,aux,26:aux|27:advcl,seen,advcl,'d,'d_aux,seen,seen_advcl
3,27,seen,VERB,VBN,22,advcl,27:advcl|22:advcl,been,advcl,seen,seen_advcl,been,been_advcl
3,28,each,DET,DT,29,det,28:det|29:dobj,other,dobj,each,each_det,other,other_dobj
3,29,other,ADJ,JJ,27,dobj,29:dobj|27:advcl,seen,advcl,other,other_dobj,seen,seen_advcl
4,2,that,DET,DT,6,nsubj,2:nsubj|6:ccomp,idea,ccomp,that,that_nsubj,idea,idea_ccomp
4,3,'s,VERB,VBZ,6,cop,3:cop|6:ccomp,idea,ccomp,'s,'s_cop,idea,idea_ccomp
4,4,a,DET,DT,6,det,4:det|6:ccomp,idea,ccomp,a,a_det,idea,idea_ccomp
4,5,good,ADJ,JJ,6,amod,5:amod|6:ccomp,idea,ccomp,good,good_amod,idea,idea_ccomp
4,6,idea,NOUN,NN,11,ccomp,6:ccomp|11:ROOT,said,ROOT,idea,idea_ccomp,said,said_ROOT
4,9,her,PRON,PRP$,10,poss,9:poss|10:nsubj,mother,nsubj,her,her_poss,mother,mother_nsubj
4,10,mother,NOUN,NN,11,nsubj,10:nsubj|11:ROOT,said,ROOT,mother,mother_nsubj,said,said_ROOT
4,11,said,VERB,VBD,0,ROOT,11:ROOT|0:NA,NA,NA,said,said_ROOT,NA,NA_NA
5,1,so,ADV,RB,3,advmod,1:advmod|3:ROOT,packed,ROOT,so,so_advmod,packed,packed_ROOT
5,2,they,PRON,PRP,3,nsubj,2:nsubj|3:ROOT,packed,ROOT,they,they_nsubj,packed,packed_ROOT
5,3,packed,VERB,VBD,0,ROOT,3:ROOT|0:NA,NA,NA,packed,packed_ROOT,NA,NA_NA
5,4,a,DET,DT,6,det,4:det|6:dobj,basket,dobj,a,a_det,basket,basket_dobj
5,5,nice,ADJ,JJ,6,amod,5:amod|6:dobj,basket,dobj,nice,nice_amod,basket,basket_dobj
5,6,basket,NOUN,NN,3,dobj,6:dobj|3:ROOT,packed,ROOT,basket,basket_dobj,packed,packed_ROOT
5,7,for,ADP,IN,6,prep,7:prep|6:dobj,basket,dobj,for,for_prep,basket,basket_dobj
5,8,little,NOUN,NNP,11,nn,8:nn|11:pobj,Hood,pobj,little,little_nn,Hood,Hood_pobj
5,9,red,NOUN,NNP,11,nn,9:nn|11:pobj,Hood,pobj,red,red_nn,Hood,Hood_pobj
5,10,riding,NOUN,NNP,11,nn,10:nn|11:pobj,Hood,pobj,riding,riding_nn,Hood,Hood_pobj
5,11,hood,NOUN,NNP,7,pobj,11:pobj|7:prep,for,prep,hood,hood_pobj,for,for_prep
5,12,to,PRT,TO,13,aux,12:aux|13:xcomp,take,xcomp,to,to_aux,take,take_xcomp
5,13,take,VERB,VB,3,xcomp,13:xcomp|3:ROOT,packed,ROOT,take,take_xcomp,packed,packed_ROOT
5,14,to,ADP,IN,13,prep,14:prep|13:xcomp,take,xcomp,to,to_prep,take,take_xcomp
5,15,her,PRON,PRP$,16,poss,15:poss|16:pobj,grandmother,pobj,her,her_poss,grandmother,grandmother_pobj
5,16,grandmother,NOUN,NN,14,pobj,16:pobj|14:prep,to,prep,grandmother,grandmother_pobj,to,to_prep
6,1,when,ADV,WRB,5,advmod,1:advmod|5:advcl,ready,advcl,when,when_advmod,ready,ready_advcl
6,2,the,DET,DT,3,det,2:det|3:nsubj,basket,nsubj,the,the_det,basket,basket_nsubj
6,3,basket,NOUN,NN,5,nsubj,3:nsubj|5:advcl,ready,advcl,basket,basket_nsubj,ready,ready_advcl
6,4,was,VERB,VBD,5,cop,4:cop|5:advcl,ready,advcl,was,was_cop,ready,ready_advcl
6,5,ready,ADJ,JJ,10,advcl,5:advcl|10:ROOT,put,ROOT,ready,ready_advcl,put,put_ROOT
6,7,the,DET,DT,9,det,7:det|9:nsubj,girl,nsubj,the,the_det,girl,girl_nsubj
6,8,little,ADJ,JJ,9,amod,8:amod|9:nsubj,girl,nsubj,little,little_amod,girl,girl_nsubj
6,9,girl,NOUN,NN,10,nsubj,9:nsubj|10:ROOT,put,ROOT,girl,girl_nsubj,put,put_ROOT
6,10,put,VERB,VBN,0,ROOT,10:ROOT|0:NA,NA,NA,put,put_ROOT,NA,NA_NA
6,11,on,ADP,IN,10,prep,11:prep|10:ROOT,put,ROOT,on,on_prep,put,put_ROOT
6,12,her,PRON,PRP$,14,poss,12:poss|14:pobj,cloak,pobj,her,her_poss,cloak,cloak_pobj
6,13,red,ADJ,JJ,14,amod,13:amod|14:pobj,cloak,pobj,red,red_amod,cloak,cloak_pobj
6,14,cloak,NOUN,NN,11,pobj,14:pobj|11:prep,on,prep,cloak,cloak_pobj,on,on_prep
6,15,and,CONJ,CC,10,cc,15:cc|10:ROOT,put,ROOT,and,and_cc,put,put_ROOT
6,16,kissed,VERB,VBD,10,conj,16:conj|10:ROOT,put,ROOT,kissed,kissed_conj,put,put_ROOT
6,17,her,PRON,PRP$,18,poss,17:poss|18:dobj,mother,dobj,her,her_poss,mother,mother_dobj
6,18,mother,NOUN,NN,16,dobj,18:dobj|16:conj,kissed,conj,mother,mother_dobj,kissed,kissed_conj
6,19,goodbye,X,UH,16,advmod,19:advmod|16:conj,kissed,conj,goodbye,goodbye_advmod,kissed,kissed_conj
7,2,remember,VERB,VB,14,ccomp,2:ccomp|14:ROOT,cautioned,ROOT,remember,remember_ccomp,cautioned,cautioned_ROOT
7,4,go,VERB,VB,2,dep,4:dep|2:ccomp,Remember,ccomp,go,go_dep,Remember,Remember_ccomp
7,5,straight,ADV,RB,6,advmod,5:advmod|6:prep,to,prep,straight,straight_advmod,to,to_prep
7,6,to,ADP,IN,4,prep,6:prep|4:dep,go,dep,to,to_prep,go,go_dep
7,7,grandma,NOUN,NNP,9,poss,7:poss|9:pobj,house,pobj,grandma,grandma_poss,house,house_pobj
7,8,'s,PRT,POS,7,possessive,8:possessive|7:poss,Grandma,poss,'s,'s_possessive,Grandma,Grandma_poss
7,9,house,NOUN,NN,6,pobj,9:pobj|6:prep,to,prep,house,house_pobj,to,to_prep
7,12,her,PRON,PRP$,13,poss,12:poss|13:nsubj,mother,nsubj,her,her_poss,mother,mother_nsubj
7,13,mother,NOUN,NN,14,nsubj,13:nsubj|14:ROOT,cautioned,ROOT,mother,mother_nsubj,cautioned,cautioned_ROOT
7,14,cautioned,VERB,VBD,0,ROOT,14:ROOT|0:NA,NA,NA,cautioned,cautioned_ROOT,NA,NA_NA
8,2,do,VERB,VB,4,aux,2:aux|4:ROOT,dawdle,ROOT,do,do_aux,dawdle,dawdle_ROOT
8,3,n't,ADV,RB,4,neg,3:neg|4:ROOT,dawdle,ROOT,n't,n't_neg,dawdle,dawdle_ROOT
8,4,dawdle,VERB,VB,0,ROOT,4:ROOT|0:NA,NA,NA,dawdle,dawdle_ROOT,NA,NA_NA
8,5,along,ADP,IN,4,prep,5:prep|4:ROOT,dawdle,ROOT,along,along_prep,dawdle,dawdle_ROOT
8,6,the,DET,DT,7,det,6:det|7:pobj,way,pobj,the,the_det,way,way_pobj
8,7,way,NOUN,NN,5,pobj,7:pobj|5:prep,along,prep,way,way_pobj,along,along_prep
8,8,and,CONJ,CC,4,cc,8:cc|4:ROOT,dawdle,ROOT,and,and_cc,dawdle,dawdle_ROOT
8,9,please,X,UH,12,discourse,9:discourse|12:conj,talk,conj,please,please_discourse,talk,talk_conj
8,10,do,VERB,VB,12,aux,10:aux|12:conj,talk,conj,do,do_aux,talk,talk_conj
8,11,n't,ADV,RB,12,neg,11:neg|12:conj,talk,conj,n't,n't_neg,talk,talk_conj
8,12,talk,VERB,VB,4,conj,12:conj|4:ROOT,dawdle,ROOT,talk,talk_conj,dawdle,dawdle_ROOT
8,13,to,ADP,IN,12,prep,13:prep|12:conj,talk,conj,to,to_prep,talk,talk_conj
8,14,strangers,NOUN,NNS,13,pobj,14:pobj|13:prep,to,prep,strangers,strangers_pobj,to,to_prep
8,16,the,DET,DT,17,det,16:det|17:nsubj,woods,nsubj,the,the_det,woods,woods_nsubj
8,17,woods,NOUN,NNS,19,nsubj,17:nsubj|19:ccomp,dangerous,ccomp,woods,woods_nsubj,dangerous,dangerous_ccomp
8,18,are,VERB,VBP,19,cop,18:cop|19:ccomp,dangerous,ccomp,are,are_cop,dangerous,dangerous_ccomp
8,19,dangerous,ADJ,JJ,4,ccomp,19:ccomp|4:ROOT,dawdle,ROOT,dangerous,dangerous_ccomp,dawdle,dawdle_ROOT
9,2,do,VERB,VB,4,aux,2:aux|4:ccomp,worry,ccomp,do,do_aux,worry,worry_ccomp
9,3,n't,ADV,RB,4,neg,3:neg|4:ccomp,worry,ccomp,n't,n't_neg,worry,worry_ccomp
9,4,worry,VERB,VB,9,ccomp,4:ccomp|9:ROOT,said,ROOT,worry,worry_ccomp,said,said_ROOT
9,6,mommy,NOUN,NN,4,dobj,6:dobj|4:ccomp,worry,ccomp,mommy,mommy_dobj,worry,worry_ccomp
9,9,said,VERB,VBD,0,ROOT,9:ROOT|0:NA,NA,NA,said,said_ROOT,NA,NA_NA
9,10,little,NOUN,NNP,13,nn,10:nn|13:nsubj,Hood,nsubj,little,little_nn,Hood,Hood_nsubj
9,11,red,NOUN,NNP,13,nn,11:nn|13:nsubj,Hood,nsubj,red,red_nn,Hood,Hood_nsubj
9,12,riding,NOUN,NNP,13,nn,12:nn|13:nsubj,Hood,nsubj,riding,riding_nn,Hood,Hood_nsubj
9,13,hood,NOUN,NNP,9,nsubj,13:nsubj|9:ROOT,said,ROOT,hood,hood_nsubj,said,said_ROOT
9,16,i,PRON,PRP,19,nsubj,16:nsubj|19:ccomp,careful,ccomp,i,i_nsubj,careful,careful_ccomp
9,17,'ll,VERB,MD,19,aux,17:aux|19:ccomp,careful,ccomp,'ll,'ll_aux,careful,careful_ccomp
9,18,be,VERB,VB,19,cop,18:cop|19:ccomp,careful,ccomp,be,be_cop,careful,careful_ccomp
9,19,careful,ADJ,JJ,9,ccomp,19:ccomp|9:ROOT,said,ROOT,careful,careful_ccomp,said,said_ROOT
10,1,but,CONJ,CC,16,cc,1:cc|16:ROOT,forgot,ROOT,but,but_cc,forgot,forgot_ROOT
10,2,when,ADV,WRB,7,advmod,2:advmod|7:advcl,noticed,advcl,when,when_advmod,notice,noticed_advcl
10,3,little,NOUN,NNP,6,nn,3:nn|6:nsubj,Hood,nsubj,little,little_nn,Hood,Hood_nsubj
10,4,red,NOUN,NNP,6,nn,4:nn|6:nsubj,Hood,nsubj,red,red_nn,Hood,Hood_nsubj
10,5,riding,NOUN,NNP,6,nn,5:nn|6:nsubj,Hood,nsubj,riding,riding_nn,Hood,Hood_nsubj
10,6,hood,NOUN,NNP,7,nsubj,6:nsubj|7:advcl,noticed,advcl,hood,hood_nsubj,notice,noticed_advcl
10,7,noticed,VERB,VBD,16,advcl,7:advcl|16:ROOT,forgot,ROOT,notice,noticed_advcl,forgot,forgot_ROOT
10,8,some,DET,DT,10,det,8:det|10:dobj,flowers,dobj,some,some_det,flowers,flowers_dobj
10,9,lovely,ADJ,JJ,10,amod,9:amod|10:dobj,flowers,dobj,lovely,lovely_amod,flowers,flowers_dobj
10,10,flowers,NOUN,NNS,7,dobj,10:dobj|7:advcl,noticed,advcl,flowers,flowers_dobj,notice,noticed_advcl
10,11,in,ADP,IN,7,prep,11:prep|7:advcl,noticed,advcl,in,in_prep,notice,noticed_advcl
10,12,the,DET,DT,13,det,12:det|13:pobj,woods,pobj,the,the_det,woods,woods_pobj
10,13,woods,NOUN,NNS,11,pobj,13:pobj|11:prep,in,prep,woods,woods_pobj,in,in_prep
10,15,she,PRON,PRP,16,nsubj,15:nsubj|16:ROOT,forgot,ROOT,she,she_nsubj,forgot,forgot_ROOT
10,16,forgot,VERB,VBD,0,ROOT,16:ROOT|0:NA,NA,NA,forgot,forgot_ROOT,NA,NA_NA
10,17,her,PRON,PRP$,18,poss,17:poss|18:dobj,promise,dobj,her,her_poss,promise,promise_dobj
10,18,promise,NOUN,NN,16,dobj,18:dobj|16:ROOT,forgot,ROOT,promise,promise_dobj,forgot,forgot_ROOT
10,19,to,ADP,IN,18,prep,19:prep|18:dobj,promise,dobj,to,to_prep,promise,promise_dobj
10,20,her,PRON,PRP$,21,poss,20:poss|21:pobj,mother,pobj,her,her_poss,mother,mother_pobj
10,21,mother,NOUN,NN,19,pobj,21:pobj|19:prep,to,prep,mother,mother_pobj,to,to_prep
11,1,she,PRON,PRP,2,nsubj,1:nsubj|2:ROOT,picked,ROOT,she,she_nsubj,picked,picked_ROOT
11,2,picked,VERB,VBD,0,ROOT,2:ROOT|0:NA,NA,NA,picked,picked_ROOT,NA,NA_NA
11,3,a,DET,DT,4,det,3:det|4:dobj,few,dobj,a,a_det,few,few_dobj
11,4,few,ADJ,JJ,2,dobj,4:dobj|2:ROOT,picked,ROOT,few,few_dobj,picked,picked_ROOT
11,6,watched,VERB,VBD,2,dep,6:dep|2:ROOT,picked,ROOT,watched,watched_dep,picked,picked_ROOT
11,7,the,DET,DT,8,det,7:det|8:nsubj,butterflies,nsubj,the,the_det,butterflies,butterflies_nsubj
11,8,butterflies,NOUN,NNS,9,nsubj,8:nsubj|9:ccomp,flit,ccomp,butterflies,butterflies_nsubj,flit,flit_ccomp
11,9,flit,NOUN,NN,6,ccomp,9:ccomp|6:dep,watched,dep,flit,flit_ccomp,watched,watched_dep
11,10,about,ADP,IN,9,prep,10:prep|9:ccomp,flit,ccomp,about,about_prep,flit,flit_ccomp
11,11,for,ADP,IN,10,pcomp,11:pcomp|10:prep,about,prep,for,for_pcomp,about,about_prep
11,12,awhile,NOUN,NN,11,pobj,12:pobj|11:pcomp,for,pcomp,awhile,awhile_pobj,for,for_pcomp
11,14,listened,VERB,VBD,2,conj,14:conj|2:ROOT,picked,ROOT,listened,listened_conj,picked,picked_ROOT
11,15,to,ADP,IN,14,prep,15:prep|14:conj,listened,conj,to,to_prep,listened,listened_conj
11,16,the,DET,DT,17,det,16:det|17:pobj,frogs,pobj,the,the_det,frogs,frogs_pobj
11,17,frogs,NOUN,NNS,15,pobj,17:pobj|15:prep,to,prep,frogs,frogs_pobj,to,to_prep
11,18,croaking,NOUN,NN,14,dobj,18:dobj|14:conj,listened,conj,croaked,croaking_dobj,listened,listened_conj
11,19,and,CONJ,CC,2,cc,19:cc|2:ROOT,picked,ROOT,and,and_cc,picked,picked_ROOT
11,20,then,ADV,RB,21,advmod,20:advmod|21:conj,picked,conj,then,then_advmod,picked,picked_conj
11,21,picked,VERB,VBD,2,conj,21:conj|2:ROOT,picked,ROOT,picked,picked_conj,picked,picked_ROOT
11,22,a,DET,DT,24,det,22:det|24:dobj,more,dobj,a,a_det,more,more_dobj
11,23,few,ADJ,JJ,24,amod,23:amod|24:dobj,more,dobj,few,few_amod,more,more_dobj
11,24,more,ADJ,JJR,21,dobj,24:dobj|21:conj,picked,conj,more,more_dobj,picked,picked_conj
12,1,little,NOUN,NNP,4,nn,1:nn|4:nsubj,Hood,nsubj,little,little_nn,Hood,Hood_nsubj
12,2,red,NOUN,NNP,4,nn,2:nn|4:nsubj,Hood,nsubj,red,red_nn,Hood,Hood_nsubj
12,3,riding,NOUN,NNP,4,nn,3:nn|4:nsubj,Hood,nsubj,riding,riding_nn,Hood,Hood_nsubj
12,4,hood,NOUN,NNP,6,nsubj,4:nsubj|6:ROOT,enjoying,ROOT,hood,hood_nsubj,enjoying,enjoying_ROOT
12,5,was,VERB,VBD,6,aux,5:aux|6:ROOT,enjoying,ROOT,was,was_aux,enjoying,enjoying_ROOT
12,6,enjoying,VERB,VBG,0,ROOT,6:ROOT|0:NA,NA,NA,enjoying,enjoying_ROOT,NA,NA_NA
12,7,the,DET,DT,10,det,7:det|10:dobj,day,dobj,the,the_det,day,day_dobj
12,8,warm,ADJ,JJ,10,amod,8:amod|10:dobj,day,dobj,warm,warm_amod,day,day_dobj
12,9,summer,NOUN,NN,10,nn,9:nn|10:dobj,day,dobj,summer,summer_nn,day,day_dobj
12,10,day,NOUN,NN,6,dobj,10:dobj|6:ROOT,enjoying,ROOT,day,day_dobj,enjoying,enjoying_ROOT
12,11,so,ADV,RB,12,advmod,11:advmod|12:advmod,much,advmod,so,so_advmod,much,much_advmod
12,12,much,ADV,RB,6,advmod,12:advmod|6:ROOT,enjoying,ROOT,much,much_advmod,enjoying,enjoying_ROOT
12,14,that,ADP,IN,18,mark,14:mark|18:ccomp,notice,ccomp,that,that_mark,notice,notice_ccomp
12,15,she,PRON,PRP,18,nsubj,15:nsubj|18:ccomp,notice,ccomp,she,she_nsubj,notice,notice_ccomp
12,16,did,VERB,VBD,18,aux,16:aux|18:ccomp,notice,ccomp,did,did_aux,notice,notice_ccomp
12,17,n't,ADV,RB,18,neg,17:neg|18:ccomp,notice,ccomp,n't,n't_neg,notice,notice_ccomp
12,18,notice,VERB,VB,6,ccomp,18:ccomp|6:ROOT,enjoying,ROOT,notice,notice_ccomp,enjoying,enjoying_ROOT
12,19,a,DET,DT,21,det,19:det|21:nsubj,shadow,nsubj,a,a_det,shadow,shadow_nsubj
12,20,dark,ADJ,JJ,21,amod,20:amod|21:nsubj,shadow,nsubj,dark,dark_amod,shadow,shadow_nsubj
12,21,shadow,NOUN,NN,22,nsubj,21:nsubj|22:dep,approaching,dep,shadow,shadow_nsubj,approaching,approaching_dep
12,22,approaching,VERB,VBG,18,dep,22:dep|18:ccomp,notice,ccomp,approaching,approaching_dep,notice,notice_ccomp
12,23,out,ADP,IN,22,prep,23:prep|22:dep,approaching,dep,out,out_prep,approaching,approaching_dep
12,24,of,ADP,IN,23,pcomp,24:pcomp|23:prep,out,prep,of,of_pcomp,out,out_prep
12,25,the,DET,DT,26,det,25:det|26:pobj,forest,pobj,the,the_det,forest,forest_pobj
12,26,forest,NOUN,NN,24,pobj,26:pobj|24:pcomp,of,pcomp,forest,forest_pobj,of,of_pcomp
12,27,behind,ADP,IN,22,prep,27:prep|22:dep,approaching,dep,behind,behind_prep,approaching,approaching_dep
12,28,her,PRON,PRP,27,pobj,28:pobj|27:prep,behind,prep,her,her_pobj,behind,behind_prep
13,1,suddenly,ADV,RB,5,advmod,1:advmod|5:ROOT,appeared,ROOT,suddenly,suddenly_advmod,appeared,appeared_ROOT
13,3,the,DET,DT,4,det,3:det|4:nsubj,wolf,nsubj,the,the_det,wolf,wolf_nsubj
13,4,wolf,NOUN,NN,5,nsubj,4:nsubj|5:ROOT,appeared,ROOT,wolf,wolf_nsubj,appeared,appeared_ROOT
13,5,appeared,VERB,VBD,0,ROOT,5:ROOT|0:NA,NA,NA,appeared,appeared_ROOT,NA,NA_NA
13,6,beside,ADP,IN,5,prep,6:prep|5:ROOT,appeared,ROOT,beside,beside_prep,appeared,appeared_ROOT
13,7,her,PRON,PRP,6,pobj,7:pobj|6:prep,beside,prep,her,her_pobj,beside,beside_prep
14,2,what,PRON,WP,5,dobj,2:dobj|5:ccomp,doing,ccomp,what,what_dobj,doing,doing_ccomp
14,3,are,VERB,VBP,5,aux,3:aux|5:ccomp,doing,ccomp,are,are_aux,doing,doing_ccomp
14,4,you,PRON,PRP,5,nsubj,4:nsubj|5:ccomp,doing,ccomp,you,you_nsubj,doing,doing_ccomp
14,5,doing,VERB,VBG,15,ccomp,5:ccomp|15:ROOT,asked,ROOT,do,doing_ccomp,asked,asked_ROOT
14,6,out,PRT,RP,7,advmod,6:advmod|7:advmod,here,advmod,out,out_advmod,here,here_advmod
14,7,here,ADV,RB,5,advmod,7:advmod|5:ccomp,doing,ccomp,here,here_advmod,doing,doing_ccomp
14,9,little,ADJ,JJ,10,amod,9:amod|10:dobj,girl,dobj,little,little_amod,girl,girl_dobj
14,10,girl,NOUN,NN,5,dobj,10:dobj|5:ccomp,doing,ccomp,girl,girl_dobj,doing,doing_ccomp
14,13,the,DET,DT,14,det,13:det|14:nsubj,wolf,nsubj,the,the_det,wolf,wolf_nsubj
14,14,wolf,NOUN,NN,15,nsubj,14:nsubj|15:ROOT,asked,ROOT,wolf,wolf_nsubj,asked,asked_ROOT
14,15,asked,VERB,VBD,0,ROOT,15:ROOT|0:NA,NA,NA,asked,asked_ROOT,NA,NA_NA
14,16,in,ADP,IN,15,prep,16:prep|15:ROOT,asked,ROOT,in,in_prep,asked,asked_ROOT
14,17,a,DET,DT,18,det,17:det|18:pobj,voice,pobj,a,a_det,voice,voice_pobj
14,18,voice,NOUN,NN,16,pobj,18:pobj|16:prep,in,prep,voice,voice_pobj,in,in_prep
14,19,as,ADV,RB,20,advmod,19:advmod|20:amod,friendly,amod,a,as_advmod,friendly,friendly_amod
14,20,friendly,ADJ,JJ,18,amod,20:amod|18:pobj,voice,pobj,friendly,friendly_amod,voice,voice_pobj
14,21,as,ADP,IN,24,mark,21:mark|24:ccomp,muster,ccomp,a,as_mark,muster,muster_ccomp
14,22,he,PRON,PRP,24,nsubj,22:nsubj|24:ccomp,muster,ccomp,he,he_nsubj,muster,muster_ccomp
14,23,could,VERB,MD,24,aux,23:aux|24:ccomp,muster,ccomp,could,could_aux,muster,muster_ccomp
14,24,muster,VERB,VB,20,ccomp,24:ccomp|20:amod,friendly,amod,muster,muster_ccomp,friendly,friendly_amod
15,2,i,PRON,PRP,3,nsubj,2:nsubj|3:ccomp,'m,ccomp,i,i_nsubj,'m,'m_ccomp
15,3,'m,VERB,VBP,26,ccomp,3:ccomp|26:ROOT,replied,ROOT,'m,'m_ccomp,replied,replied_ROOT
15,4,on,ADP,IN,3,prep,4:prep|3:ccomp,'m,ccomp,on,on_prep,'m,'m_ccomp
15,5,my,PRON,PRP$,6,poss,5:poss|6:pobj,way,pobj,my,my_poss,way,way_pobj
15,6,way,NOUN,NN,4,pobj,6:pobj|4:prep,on,prep,way,way_pobj,on,on_prep
15,7,to,PRT,TO,8,aux,7:aux|8:xcomp,see,xcomp,to,to_aux,see,see_xcomp
15,8,see,VERB,VB,3,xcomp,8:xcomp|3:ccomp,'m,ccomp,see,see_xcomp,'m,'m_ccomp
15,9,my,PRON,PRP$,10,poss,9:poss|10:dobj,Grandma,dobj,my,my_poss,Grandma,Grandma_dobj
15,10,grandma,NOUN,NNP,8,dobj,10:dobj|8:xcomp,see,xcomp,grandma,grandma_dobj,see,see_xcomp
15,11,who,PRON,WP,12,nsubj,11:nsubj|12:rcmod,lives,rcmod,who,who_nsubj,lived,lives_rcmod
15,12,lives,VERB,VBZ,10,rcmod,12:rcmod|10:dobj,Grandma,dobj,lived,lives_rcmod,Grandma,Grandma_dobj
15,13,through,ADP,IN,12,prep,13:prep|12:rcmod,lives,rcmod,through,through_prep,lived,lives_rcmod
15,14,the,DET,DT,15,det,14:det|15:pobj,forest,pobj,the,the_det,forest,forest_pobj
15,15,forest,NOUN,NN,13,pobj,15:pobj|13:prep,through,prep,forest,forest_pobj,through,through_prep
15,17,near,ADP,IN,8,prep,17:prep|8:xcomp,see,xcomp,near,near_prep,see,see_xcomp
15,18,the,DET,DT,19,det,18:det|19:pobj,brook,pobj,the,the_det,brook,brook_pobj
15,19,brook,NOUN,NN,17,pobj,19:pobj|17:prep,near,prep,brook,brook_pobj,near,near_prep
15,22,little,NOUN,NNP,25,nn,22:nn|25:nsubj,Hood,nsubj,little,little_nn,Hood,Hood_nsubj
15,23,red,NOUN,NNP,25,nn,23:nn|25:nsubj,Hood,nsubj,red,red_nn,Hood,Hood_nsubj
15,24,riding,NOUN,NNP,25,nn,24:nn|25:nsubj,Hood,nsubj,riding,riding_nn,Hood,Hood_nsubj
15,25,hood,NOUN,NNP,26,nsubj,25:nsubj|26:ROOT,replied,ROOT,hood,hood_nsubj,replied,replied_ROOT
15,26,replied,VERB,VBD,0,ROOT,26:ROOT|0:NA,NA,NA,replied,replied_ROOT,NA,NA_NA
16,1,then,ADV,RB,3,advmod,1:advmod|3:ROOT,realized,ROOT,then,then_advmod,realized,realized_ROOT
16,2,she,PRON,PRP,3,nsubj,2:nsubj|3:ROOT,realized,ROOT,she,she_nsubj,realized,realized_ROOT
16,3,realized,VERB,VBD,0,ROOT,3:ROOT|0:NA,NA,NA,realized,realized_ROOT,NA,NA_NA
16,4,how,ADV,WRB,5,advmod,4:advmod|5:dep,late,dep,how,how_advmod,late,late_dep
16,5,late,ADV,RB,7,dep,5:dep|7:ccomp,was,ccomp,late,late_dep,was,was_ccomp
16,6,she,PRON,PRP,7,nsubj,6:nsubj|7:ccomp,was,ccomp,she,she_nsubj,was,was_ccomp
16,7,was,VERB,VBD,3,ccomp,7:ccomp|3:ROOT,realized,ROOT,was,was_ccomp,realized,realized_ROOT
16,8,and,CONJ,CC,7,cc,8:cc|7:ccomp,was,ccomp,and,and_cc,was,was_ccomp
16,9,quickly,ADV,RB,7,advmod,9:advmod|7:ccomp,was,ccomp,quickly,quickly_advmod,was,was_ccomp
16,10,excused,VERB,VBD,7,conj,10:conj|7:ccomp,was,ccomp,excused,excused_conj,was,was_ccomp
16,11,herself,PRON,PRP,10,dobj,11:dobj|10:conj,excused,conj,herself,herself_dobj,excused,excused_conj
16,13,rushing,VERB,VBG,10,partmod,13:partmod|10:conj,excused,conj,rushing,rushing_partmod,excused,excused_conj
16,14,down,PRT,RP,13,prt,14:prt|13:partmod,rushing,partmod,down,down_prt,rushing,rushing_partmod
16,15,the,DET,DT,16,det,15:det|16:dobj,path,dobj,the,the_det,path,path_dobj
16,16,path,NOUN,NN,13,dobj,16:dobj|13:partmod,rushing,partmod,path,path_dobj,rushing,rushing_partmod
16,17,to,ADP,IN,16,prep,17:prep|16:dobj,path,dobj,to,to_prep,path,path_dobj
16,18,her,PRON,PRP$,19,poss,18:poss|19:poss,Grandma,poss,her,her_poss,Grandma,Grandma_poss
16,19,grandma,NOUN,NNP,21,poss,19:poss|21:pobj,house,pobj,grandma,grandma_poss,house,house_pobj
16,20,'s,PRT,POS,19,possessive,20:possessive|19:poss,Grandma,poss,'s,'s_possessive,Grandma,Grandma_poss
16,21,house,NOUN,NN,17,pobj,21:pobj|17:prep,to,prep,house,house_pobj,to,to_prep
17,1,the,DET,DT,2,det,1:det|2:nsubj,wolf,nsubj,the,the_det,wolf,wolf_nsubj
17,2,wolf,NOUN,NN,8,nsubj,2:nsubj|8:ROOT,took,ROOT,wolf,wolf_nsubj,took,took_ROOT
17,4,in,ADP,IN,8,prep,4:prep|8:ROOT,took,ROOT,in,in_prep,took,took_ROOT
17,5,the,DET,DT,6,det,5:det|6:pobj,meantime,pobj,the,the_det,meantime,meantime_pobj
17,6,meantime,NOUN,NN,4,pobj,6:pobj|4:prep,in,prep,meantime,meantime_pobj,in,in_prep
17,8,took,VERB,VBD,0,ROOT,8:ROOT|0:NA,NA,NA,took,took_ROOT,NA,NA_NA
17,9,a,DET,DT,10,det,9:det|10:dobj,shortcut,dobj,a,a_det,shortcut,shortcut_dobj
17,10,shortcut,NOUN,NN,8,dobj,10:dobj|8:ROOT,took,ROOT,shortcut,shortcut_dobj,took,took_ROOT
18,1,the,DET,DT,2,det,1:det|2:nsubj,wolf,nsubj,the,the_det,wolf,wolf_nsubj
18,2,wolf,NOUN,NN,12,nsubj,2:nsubj|12:ROOT,arrived,ROOT,wolf,wolf_nsubj,arrived,arrived_ROOT
18,4,a,DET,DT,5,det,4:det|5:npadvmod,little,npadvmod,a,a_det,little,little_npadvmod
18,5,little,ADJ,JJ,6,npadvmod,5:npadvmod|6:prep,out,prep,little,little_npadvmod,out,out_prep
18,6,out,ADP,IN,12,prep,6:prep|12:ROOT,arrived,ROOT,out,out_prep,arrived,arrived_ROOT
18,7,of,ADP,IN,6,pcomp,7:pcomp|6:prep,out,prep,of,of_pcomp,out,out_prep
18,8,breath,NOUN,NN,7,pobj,8:pobj|7:pcomp,of,pcomp,breath,breath_pobj,of,of_pcomp
18,9,from,ADP,IN,8,prep,9:prep|8:pobj,breath,pobj,from,from_prep,breath,breath_pobj
18,10,running,VERB,VBG,9,pcomp,10:pcomp|9:prep,from,prep,running,running_pcomp,from,from_prep
18,12,arrived,VERB,VBD,0,ROOT,12:ROOT|0:NA,NA,NA,arrived,arrived_ROOT,NA,NA_NA
18,13,at,ADP,IN,12,prep,13:prep|12:ROOT,arrived,ROOT,at,at_prep,arrived,arrived_ROOT
18,14,grandma,NOUN,NNP,13,pobj,14:pobj|13:prep,at,prep,grandma,grandma_pobj,at,at_prep
18,15,'s,PRT,POS,14,possessive,15:possessive|14:pobj,Grandma,pobj,'s,'s_possessive,Grandma,Grandma_pobj
18,16,and,CONJ,CC,12,cc,16:cc|12:ROOT,arrived,ROOT,and,and_cc,arrived,arrived_ROOT
18,17,knocked,VERB,VBD,12,conj,17:conj|12:ROOT,arrived,ROOT,knock,knocked_conj,arrived,arrived_ROOT
18,18,lightly,ADV,RB,17,advmod,18:advmod|17:conj,knocked,conj,lightly,lightly_advmod,knock,knocked_conj
18,19,at,ADP,IN,17,prep,19:prep|17:conj,knocked,conj,at,at_prep,knock,knocked_conj
18,20,the,DET,DT,21,det,20:det|21:pobj,door,pobj,the,the_det,door,door_pobj
18,21,door,NOUN,NN,19,pobj,21:pobj|19:prep,at,prep,door,door_pobj,at,at_prep
19,2,oh,X,UH,3,discourse,2:discourse|3:ccomp,thank,ccomp,oh,oh_discourse,thank,thank_ccomp
19,3,thank,VERB,VBP,28,ccomp,3:ccomp|28:ROOT,said,ROOT,thank,thank_ccomp,said,said_ROOT
19,4,goodness,NOUN,NN,3,dobj,4:dobj|3:ccomp,thank,ccomp,good,goodness_dobj,thank,thank_ccomp
19,5,dear,ADJ,JJ,3,advmod,5:advmod|3:ccomp,thank,ccomp,dear,dear_advmod,thank,thank_ccomp
19,7,come,VERB,VB,3,dep,7:dep|3:ccomp,thank,ccomp,come,come_dep,thank,thank_ccomp
19,8,in,PRT,RP,7,advmod,8:advmod|7:dep,Come,dep,in,in_advmod,Come,Come_dep
19,10,come,VERB,VB,3,dep,10:dep|3:ccomp,thank,ccomp,come,come_dep,thank,thank_ccomp
19,11,in,ADV,RB,10,advmod,11:advmod|10:dep,come,dep,in,in_advmod,Come,come_dep
19,13,i,PRON,PRP,15,nsubjpass,13:nsubjpass|15:ccomp,worried,ccomp,i,i_nsubjpass,worry,worried_ccomp
19,14,was,VERB,VBD,15,auxpass,14:auxpass|15:ccomp,worried,ccomp,was,was_auxpass,worry,worried_ccomp
19,15,worried,VERB,VBN,3,ccomp,15:ccomp|3:ccomp,thank,ccomp,worry,worried_ccomp,thank,thank_ccomp
19,16,sick,ADJ,JJ,15,acomp,16:acomp|15:ccomp,worried,ccomp,sick,sick_acomp,worry,worried_ccomp
19,17,that,ADP,IN,20,mark,17:mark|20:ccomp,happened,ccomp,that,that_mark,happened,happened_ccomp
19,18,something,NOUN,NN,20,nsubj,18:nsubj|20:ccomp,happened,ccomp,something,something_nsubj,happened,happened_ccomp
19,19,had,VERB,VBD,20,aux,19:aux|20:ccomp,happened,ccomp,had,had_aux,happened,happened_ccomp
19,20,happened,VERB,VBN,16,ccomp,20:ccomp|16:acomp,sick,acomp,happened,happened_ccomp,sick,sick_acomp
19,21,to,ADP,IN,20,prep,21:prep|20:ccomp,happened,ccomp,to,to_prep,happened,happened_ccomp
19,22,you,PRON,PRP,21,pobj,22:pobj|21:prep,to,prep,you,you_pobj,to,to_prep
19,23,in,ADP,IN,20,prep,23:prep|20:ccomp,happened,ccomp,in,in_prep,happened,happened_ccomp
19,24,the,DET,DT,25,det,24:det|25:pobj,forest,pobj,the,the_det,forest,forest_pobj
19,25,forest,NOUN,NN,23,pobj,25:pobj|23:prep,in,prep,forest,forest_pobj,in,in_prep
19,28,said,VERB,VBD,0,ROOT,28:ROOT|0:NA,NA,NA,said,said_ROOT,NA,NA_NA
19,29,grandma,NOUN,NNP,30,nsubj,29:nsubj|30:dep,thinking,dep,grandma,grandma_nsubj,thinking,thinking_dep
19,30,thinking,VERB,VBG,28,dep,30:dep|28:ROOT,said,ROOT,thinking,thinking_dep,said,said_ROOT
19,31,that,ADP,IN,36,mark,31:mark|36:ccomp,granddaughter,ccomp,that,that_mark,granddaughter,granddaughter_ccomp
19,32,the,DET,DT,33,det,32:det|33:nsubj,knock,nsubj,the,the_det,knock,knock_nsubj
19,33,knock,NOUN,NN,36,nsubj,33:nsubj|36:ccomp,granddaughter,ccomp,knock,knock_nsubj,granddaughter,granddaughter_ccomp
19,34,was,VERB,VBD,36,cop,34:cop|36:ccomp,granddaughter,ccomp,was,was_cop,granddaughter,granddaughter_ccomp
19,35,her,PRON,PRP$,36,poss,35:poss|36:ccomp,granddaughter,ccomp,her,her_poss,granddaughter,granddaughter_ccomp
19,36,granddaughter,NOUN,NN,30,ccomp,36:ccomp|30:dep,thinking,dep,granddaughter,granddaughter_ccomp,thinking,thinking_dep
20,1,the,DET,DT,2,det,1:det|2:nsubj,wolf,nsubj,the,the_det,wolf,wolf_nsubj
20,2,wolf,NOUN,NN,3,nsubj,2:nsubj|3:ROOT,let,ROOT,wolf,wolf_nsubj,let,let_ROOT
20,3,let,VERB,VBD,0,ROOT,3:ROOT|0:NA,NA,NA,let,let_ROOT,NA,NA_NA
20,4,himself,PRON,PRP,3,dobj,4:dobj|3:ROOT,let,ROOT,himself,himself_dobj,let,let_ROOT
20,5,in,PRT,RP,3,prt,5:prt|3:ROOT,let,ROOT,in,in_prt,let,let_ROOT
21,1,poor,NOUN,NNP,2,amod,1:amod|2:nsubj,Granny,nsubj,poor,poor_amod,Granny,Granny_nsubj
21,2,granny,NOUN,NNP,5,nsubj,2:nsubj|5:ROOT,have,ROOT,granny,granny_nsubj,have,have_ROOT
21,3,did,VERB,VBD,5,aux,3:aux|5:ROOT,have,ROOT,did,did_aux,have,have_ROOT
21,4,not,ADV,RB,5,neg,4:neg|5:ROOT,have,ROOT,not,not_neg,have,have_ROOT
21,5,have,VERB,VB,0,ROOT,5:ROOT|0:NA,NA,NA,have,have_ROOT,NA,NA_NA
21,6,time,NOUN,NN,5,dobj,6:dobj|5:ROOT,have,ROOT,time,time_dobj,have,have_ROOT
21,7,to,PRT,TO,8,aux,7:aux|8:infmod,say,infmod,to,to_aux,say,say_infmod
21,8,say,VERB,VB,6,infmod,8:infmod|6:dobj,time,dobj,say,say_infmod,time,time_dobj
21,9,another,DET,DT,10,det,9:det|10:dobj,word,dobj,another,another_det,word,word_dobj
21,10,word,NOUN,NN,8,dobj,10:dobj|8:infmod,say,infmod,word,word_dobj,say,say_infmod
21,12,before,ADP,IN,15,mark,12:mark|15:advcl,gobbled,advcl,before,before_mark,gobbled,gobbled_advcl
21,13,the,DET,DT,14,det,13:det|14:nsubj,wolf,nsubj,the,the_det,wolf,wolf_nsubj
21,14,wolf,NOUN,NN,15,nsubj,14:nsubj|15:advcl,gobbled,advcl,wolf,wolf_nsubj,gobbled,gobbled_advcl
21,15,gobbled,VERB,VBD,5,advcl,15:advcl|5:ROOT,have,ROOT,gobbled,gobbled_advcl,have,have_ROOT
21,16,her,PRON,PRP,15,dobj,16:dobj|15:advcl,gobbled,advcl,her,her_dobj,gobbled,gobbled_advcl
21,17,up,PRT,RP,15,prt,17:prt|15:advcl,gobbled,advcl,up,up_prt,gobbled,gobbled_advcl
22,1,the,DET,DT,2,det,1:det|2:nsubj,wolf,nsubj,the,the_det,wolf,wolf_nsubj
22,2,wolf,NOUN,NN,3,nsubj,2:nsubj|3:ROOT,let,ROOT,wolf,wolf_nsubj,let,let_ROOT
22,3,let,VERB,VBD,0,ROOT,3:ROOT|0:NA,NA,NA,let,let_ROOT,NA,NA_NA
22,4,out,PRT,RP,3,prt,4:prt|3:ROOT,let,ROOT,out,out_prt,let,let_ROOT
22,5,a,DET,DT,7,det,5:det|7:dobj,burp,dobj,a,a_det,burp,burp_dobj
22,6,satisfied,ADJ,JJ,7,amod,6:amod|7:dobj,burp,dobj,satisfied,satisfied_amod,burp,burp_dobj
22,7,burp,NOUN,NN,3,dobj,7:dobj|3:ROOT,let,ROOT,burp,burp_dobj,let,let_ROOT
22,9,and,CONJ,CC,3,cc,9:cc|3:ROOT,let,ROOT,and,and_cc,let,let_ROOT
22,10,then,ADV,RB,3,advmod,10:advmod|3:ROOT,let,ROOT,then,then_advmod,let,let_ROOT
22,11,poked,VERB,VBD,3,conj,11:conj|3:ROOT,let,ROOT,poked,poked_conj,let,let_ROOT
22,12,through,ADP,IN,11,prep,12:prep|11:conj,poked,conj,through,through_prep,poked,poked_conj
22,13,granny,NOUN,NNP,15,poss,13:poss|15:pobj,wardrobe,pobj,granny,granny_poss,wardrobe,wardrobe_pobj
22,14,'s,PRT,POS,13,possessive,14:possessive|13:poss,Granny,poss,'s,'s_possessive,Granny,Granny_poss
22,15,wardrobe,NOUN,NN,12,pobj,15:pobj|12:prep,through,prep,wardrobe,wardrobe_pobj,through,through_prep
22,16,to,PRT,TO,17,aux,16:aux|17:xcomp,find,xcomp,to,to_aux,find,find_xcomp
22,17,find,VERB,VB,11,xcomp,17:xcomp|11:conj,poked,conj,find,find_xcomp,poked,poked_conj
22,18,a,DET,DT,19,det,18:det|19:dobj,nightgown,dobj,a,a_det,nightgown,nightgown_dobj
22,19,nightgown,NOUN,NN,17,dobj,19:dobj|17:xcomp,find,xcomp,nightgown,nightgown_dobj,find,find_xcomp
22,20,that,DET,WDT,22,dobj,20:dobj|22:rcmod,liked,rcmod,that,that_dobj,liked,liked_rcmod
22,21,he,PRON,PRP,22,nsubj,21:nsubj|22:rcmod,liked,rcmod,he,he_nsubj,liked,liked_rcmod
22,22,liked,VERB,VBD,19,rcmod,22:rcmod|19:dobj,nightgown,dobj,liked,liked_rcmod,nightgown,nightgown_dobj
23,1,he,PRON,PRP,2,nsubj,1:nsubj|2:ROOT,added,ROOT,he,he_nsubj,added,added_ROOT
23,2,added,VERB,VBD,0,ROOT,2:ROOT|0:NA,NA,NA,added,added_ROOT,NA,NA_NA
23,3,a,DET,DT,6,det,3:det|6:dobj,cap,dobj,a,a_det,cap,cap_dobj
23,4,frilly,ADV,RB,5,advmod,4:advmod|5:amod,sleeping,amod,frilly,frilly_advmod,sleeping,sleeping_amod
23,5,sleeping,VERB,VBG,6,amod,5:amod|6:dobj,cap,dobj,sleeping,sleeping_amod,cap,cap_dobj
23,6,cap,NOUN,NN,2,dobj,6:dobj|2:ROOT,added,ROOT,cap,cap_dobj,added,added_ROOT
23,8,and,CONJ,CC,2,cc,8:cc|2:ROOT,added,ROOT,and,and_cc,added,added_ROOT
23,9,for,ADP,IN,13,prep,9:prep|13:conj,dabbed,conj,for,for_prep,dabbed,dabbed_conj
23,10,good,ADJ,JJ,11,amod,10:amod|11:pobj,measure,pobj,good,good_amod,measure,measure_pobj
23,11,measure,NOUN,NN,9,pobj,11:pobj|9:prep,for,prep,measure,measure_pobj,for,for_prep
23,13,dabbed,VERB,VBD,2,conj,13:conj|2:ROOT,added,ROOT,dabbed,dabbed_conj,added,added_ROOT
23,14,some,DET,DT,13,dobj,14:dobj|13:conj,dabbed,conj,some,some_dobj,dabbed,dabbed_conj
23,15,of,ADP,IN,14,prep,15:prep|14:dobj,some,dobj,of,of_prep,some,some_dobj
23,16,granny,NOUN,NNP,18,poss,16:poss|18:pobj,perfume,pobj,granny,granny_poss,perfume,perfume_pobj
23,17,'s,PRT,POS,16,possessive,17:possessive|16:poss,Granny,poss,'s,'s_possessive,Granny,Granny_poss
23,18,perfume,NOUN,NN,15,pobj,18:pobj|15:prep,of,prep,perfume,perfume_pobj,of,of_prep
23,19,behind,ADP,IN,13,prep,19:prep|13:conj,dabbed,conj,behind,behind_prep,dabbed,dabbed_conj
23,20,his,PRON,PRP$,22,poss,20:poss|22:pobj,ears,pobj,his,his_poss,ears,ears_pobj
23,21,pointy,ADJ,JJ,22,amod,21:amod|22:pobj,ears,pobj,pointy,pointy_amod,ears,ears_pobj
23,22,ears,NOUN,NNS,19,pobj,22:pobj|19:prep,behind,prep,ears,ears_pobj,behind,behind_prep
24,1,a,DET,DT,3,det,1:det|3:npadvmod,minutes,npadvmod,a,a_det,minutes,minutes_npadvmod
24,2,few,ADJ,JJ,3,amod,2:amod|3:npadvmod,minutes,npadvmod,few,few_amod,minutes,minutes_npadvmod
24,3,minutes,NOUN,NNS,4,npadvmod,3:npadvmod|4:advmod,later,advmod,minutes,minutes_npadvmod,later,later_advmod
24,4,later,ADV,RB,9,advmod,4:advmod|9:ROOT,knocked,ROOT,later,later_advmod,knock,knocked_ROOT
24,6,red,NOUN,NNP,8,nn,6:nn|8:nsubj,Hood,nsubj,red,red_nn,Hood,Hood_nsubj
24,7,riding,NOUN,NNP,8,nn,7:nn|8:nsubj,Hood,nsubj,riding,riding_nn,Hood,Hood_nsubj
24,8,hood,NOUN,NNP,9,nsubj,8:nsubj|9:ROOT,knocked,ROOT,hood,hood_nsubj,knock,knocked_ROOT
24,9,knocked,VERB,VBD,0,ROOT,9:ROOT|0:NA,NA,NA,knock,knocked_ROOT,NA,NA_NA
24,10,on,ADP,IN,9,prep,10:prep|9:ROOT,knocked,ROOT,on,on_prep,knock,knocked_ROOT
24,11,the,DET,DT,12,det,11:det|12:pobj,door,pobj,the,the_det,door,door_pobj
24,12,door,NOUN,NN,10,pobj,12:pobj|10:prep,on,prep,door,door_pobj,on,on_prep
25,1,the,DET,DT,2,det,1:det|2:nsubj,wolf,nsubj,the,the_det,wolf,wolf_nsubj
25,2,wolf,NOUN,NN,3,nsubj,2:nsubj|3:ROOT,jumped,ROOT,wolf,wolf_nsubj,jumped,jumped_ROOT
25,3,jumped,VERB,VBD,0,ROOT,3:ROOT|0:NA,NA,NA,jumped,jumped_ROOT,NA,NA_NA
25,4,into,ADP,IN,3,prep,4:prep|3:ROOT,jumped,ROOT,into,into_prep,jumped,jumped_ROOT
25,5,bed,NOUN,NN,4,pobj,5:pobj|4:prep,into,prep,be,bed_pobj,into,into_prep
25,6,and,CONJ,CC,3,cc,6:cc|3:ROOT,jumped,ROOT,and,and_cc,jumped,jumped_ROOT
25,7,pulled,VERB,VBD,3,conj,7:conj|3:ROOT,jumped,ROOT,pulled,pulled_conj,jumped,jumped_ROOT
25,8,the,DET,DT,9,det,8:det|9:dobj,covers,dobj,the,the_det,covers,covers_dobj
25,9,covers,NOUN,NNS,7,dobj,9:dobj|7:conj,pulled,conj,covers,covers_dobj,pulled,pulled_conj
25,10,over,ADP,IN,7,prep,10:prep|7:conj,pulled,conj,over,over_prep,pulled,pulled_conj
25,11,his,PRON,PRP$,12,poss,11:poss|12:pobj,nose,pobj,his,his_poss,nose,nose_pobj
25,12,nose,NOUN,NN,10,pobj,12:pobj|10:prep,over,prep,nose,nose_pobj,over,over_prep
26,2,who,PRON,WP,8,dep,2:dep|8:ROOT,called,ROOT,who,who_dep,called,called_ROOT
26,3,is,VERB,VBZ,2,cop,3:cop|2:dep,Who,dep,i,is_cop,Who,Who_dep
26,4,it,PRON,PRP,2,nsubj,4:nsubj|2:dep,Who,dep,it,it_nsubj,Who,Who_dep
26,7,he,PRON,PRP,8,nsubj,7:nsubj|8:ROOT,called,ROOT,he,he_nsubj,called,called_ROOT
26,8,called,VERB,VBD,0,ROOT,8:ROOT|0:NA,NA,NA,called,called_ROOT,NA,NA_NA
26,9,in,PRT,RP,8,prt,9:prt|8:ROOT,called,ROOT,in,in_prt,called,called_ROOT
26,10,a,DET,DT,12,det,10:det|12:dobj,voice,dobj,a,a_det,voice,voice_dobj
26,11,cackly,ADJ,JJ,12,amod,11:amod|12:dobj,voice,dobj,cackly,cackly_amod,voice,voice_dobj
26,12,voice,NOUN,NN,8,dobj,12:dobj|8:ROOT,called,ROOT,voice,voice_dobj,called,called_ROOT
27,2,it,PRON,PRP,4,nsubj,2:nsubj|4:ROOT,me,ROOT,it,it_nsubj,me,me_ROOT
27,3,'s,VERB,VBZ,4,cop,3:cop|4:ROOT,me,ROOT,'s,'s_cop,me,me_ROOT
27,4,me,PRON,PRP,0,ROOT,4:ROOT|0:NA,NA,NA,me,me_ROOT,NA,NA_NA
27,6,little,NOUN,NNP,9,nn,6:nn|9:appos,Hood,appos,little,little_nn,Hood,Hood_appos
27,7,red,NOUN,NNP,9,nn,7:nn|9:appos,Hood,appos,red,red_nn,Hood,Hood_appos
27,8,riding,NOUN,NNP,9,nn,8:nn|9:appos,Hood,appos,riding,riding_nn,Hood,Hood_appos
27,9,hood,NOUN,NNP,4,appos,9:appos|4:ROOT,me,ROOT,hood,hood_appos,me,me_ROOT
28,2,oh,X,UH,7,discourse,2:discourse|7:ccomp,come,ccomp,oh,oh_discourse,Come,come_ccomp
28,3,how,ADV,WRB,4,advmod,3:advmod|4:dep,lovely,dep,how,how_advmod,lovely,lovely_dep
28,4,lovely,ADJ,JJ,2,dep,4:dep|2:discourse,Oh,discourse,lovely,lovely_dep,Oh,Oh_discourse
28,6,do,VERB,VBP,7,aux,6:aux|7:ccomp,come,ccomp,do,do_aux,Come,come_ccomp
28,7,come,VERB,VB,14,ccomp,7:ccomp|14:ROOT,croaked,ROOT,come,come_ccomp,croaked,croaked_ROOT
28,8,in,ADV,RB,7,advmod,8:advmod|7:ccomp,come,ccomp,in,in_advmod,Come,come_ccomp
28,10,my,PRON,PRP$,11,poss,10:poss|11:dobj,dear,dobj,my,my_poss,dear,dear_dobj
28,11,dear,NOUN,NN,7,dobj,11:dobj|7:ccomp,come,ccomp,dear,dear_dobj,Come,come_ccomp
28,14,croaked,VERB,VBD,0,ROOT,14:ROOT|0:NA,NA,NA,croaked,croaked_ROOT,NA,NA_NA
28,15,the,DET,DT,16,det,15:det|16:nsubj,wolf,nsubj,the,the_det,wolf,wolf_nsubj
28,16,wolf,NOUN,NN,14,nsubj,16:nsubj|14:ROOT,croaked,ROOT,wolf,wolf_nsubj,croaked,croaked_ROOT
29,1,when,ADV,WRB,6,advmod,1:advmod|6:advcl,entered,advcl,when,when_advmod,entered,entered_advcl
29,2,little,NOUN,NNP,5,nn,2:nn|5:nsubj,Hood,nsubj,little,little_nn,Hood,Hood_nsubj
29,3,red,NOUN,NNP,5,nn,3:nn|5:nsubj,Hood,nsubj,red,red_nn,Hood,Hood_nsubj
29,4,riding,NOUN,NNP,5,nn,4:nn|5:nsubj,Hood,nsubj,riding,riding_nn,Hood,Hood_nsubj
29,5,hood,NOUN,NNP,6,nsubj,5:nsubj|6:advcl,entered,advcl,hood,hood_nsubj,entered,entered_advcl
29,6,entered,VERB,VBD,14,advcl,6:advcl|14:ROOT,recognize,ROOT,entered,entered_advcl,recognize,recognize_ROOT
29,7,the,DET,DT,9,det,7:det|9:dobj,cottage,dobj,the,the_det,cottage,cottage_dobj
29,8,little,ADJ,JJ,9,amod,8:amod|9:dobj,cottage,dobj,little,little_amod,cottage,cottage_dobj
29,9,cottage,NOUN,NN,6,dobj,9:dobj|6:advcl,entered,advcl,cottage,cottage_dobj,entered,entered_advcl
29,11,she,PRON,PRP,14,nsubj,11:nsubj|14:ROOT,recognize,ROOT,she,she_nsubj,recognize,recognize_ROOT
29,12,could,VERB,MD,14,aux,12:aux|14:ROOT,recognize,ROOT,could,could_aux,recognize,recognize_ROOT
29,13,scarcely,ADV,RB,14,advmod,13:advmod|14:ROOT,recognize,ROOT,scarcely,scarcely_advmod,recognize,recognize_ROOT
29,14,recognize,VERB,VB,0,ROOT,14:ROOT|0:NA,NA,NA,recognize,recognize_ROOT,NA,NA_NA
29,15,her,PRON,PRP$,16,poss,15:poss|16:dobj,Grandmother,dobj,her,her_poss,grandmother,Grandmother_dobj
29,16,grandmother,NOUN,NNP,14,dobj,16:dobj|14:ROOT,recognize,ROOT,grandmother,grandmother_dobj,recognize,recognize_ROOT
30,2,grandmother,ADV,RB,6,advmod,2:advmod|6:ROOT,sounds,ROOT,grandmother,grandmother_advmod,sounds,sounds_ROOT
30,4,your,PRON,PRP$,5,poss,4:poss|5:nsubj,voice,nsubj,your,your_poss,voice,voice_nsubj
30,5,voice,NOUN,NN,6,nsubj,5:nsubj|6:ROOT,sounds,ROOT,voice,voice_nsubj,sounds,sounds_ROOT
30,6,sounds,VERB,VBZ,0,ROOT,6:ROOT|0:NA,NA,NA,sounds,sounds_ROOT,NA,NA_NA
30,7,so,ADV,RB,8,advmod,7:advmod|8:acomp,odd,acomp,so,so_advmod,odd,odd_acomp
30,8,odd,ADJ,JJ,6,acomp,8:acomp|6:ROOT,sounds,ROOT,odd,odd_acomp,sounds,sounds_ROOT
31,1,is,VERB,VBZ,4,cop,1:cop|4:dep,matter,dep,i,is_cop,matter,matter_dep
31,2,something,NOUN,NN,4,nsubj,2:nsubj|4:dep,matter,dep,something,something_nsubj,matter,matter_dep
31,3,the,DET,DT,4,det,3:det|4:dep,matter,dep,the,the_det,matter,matter_dep
31,4,matter,NOUN,NN,8,dep,4:dep|8:ROOT,asked,ROOT,matter,matter_dep,asked,asked_ROOT
31,7,she,PRON,PRP,8,nsubj,7:nsubj|8:ROOT,asked,ROOT,she,she_nsubj,asked,asked_ROOT
31,8,asked,VERB,VBD,0,ROOT,8:ROOT|0:NA,NA,NA,asked,asked_ROOT,NA,NA_NA
32,2,oh,X,UH,6,discourse,2:discourse|6:ccomp,have,ccomp,oh,oh_discourse,have,have_ccomp
32,4,i,PRON,PRP,6,nsubj,4:nsubj|6:ccomp,have,ccomp,i,i_nsubj,have,have_ccomp
32,5,just,ADV,RB,6,advmod,5:advmod|6:ccomp,have,ccomp,just,just_advmod,have,have_ccomp
32,6,have,VERB,VBP,13,ccomp,6:ccomp|13:ROOT,squeaked,ROOT,have,have_ccomp,squeaked,squeaked_ROOT
32,7,touch,NOUN,NN,6,dobj,7:dobj|6:ccomp,have,ccomp,touch,touch_dobj,have,have_ccomp
32,8,of,ADP,IN,7,prep,8:prep|7:dobj,touch,dobj,of,of_prep,touch,touch_dobj
32,9,a,DET,DT,10,det,9:det|10:pobj,cold,pobj,a,a_det,cold,cold_pobj
32,10,cold,ADJ,JJ,8,pobj,10:pobj|8:prep,of,prep,cold,cold_pobj,of,of_prep
32,13,squeaked,VERB,VBD,0,ROOT,13:ROOT|0:NA,NA,NA,squeaked,squeaked_ROOT,NA,NA_NA
32,14,the,DET,DT,15,det,14:det|15:nsubj,wolf,nsubj,the,the_det,wolf,wolf_nsubj
32,15,wolf,NOUN,NN,16,nsubj,15:nsubj|16:dep,adding,dep,wolf,wolf_nsubj,added,adding_dep
32,16,adding,VERB,VBG,13,dep,16:dep|13:ROOT,squeaked,ROOT,added,adding_dep,squeaked,squeaked_ROOT
32,17,a,DET,DT,18,det,17:det|18:dobj,cough,dobj,a,a_det,cough,cough_dobj
32,18,cough,NOUN,NN,16,dobj,18:dobj|16:dep,adding,dep,cough,cough_dobj,added,adding_dep
32,19,at,ADP,IN,16,prep,19:prep|16:dep,adding,dep,at,at_prep,added,adding_dep
32,20,the,DET,DT,21,det,20:det|21:pobj,end,pobj,the,the_det,end,end_pobj
32,21,end,NOUN,NN,19,pobj,21:pobj|19:prep,at,prep,end,end_pobj,at,at_prep
32,22,to,PRT,TO,23,aux,22:aux|23:xcomp,prove,xcomp,to,to_aux,prove,prove_xcomp
32,23,prove,VERB,VB,16,xcomp,23:xcomp|16:dep,adding,dep,prove,prove_xcomp,added,adding_dep
32,24,the,DET,DT,25,det,24:det|25:dobj,point,dobj,the,the_det,point,point_dobj
32,25,point,NOUN,NN,23,dobj,25:dobj|23:xcomp,prove,xcomp,point,point_dobj,prove,prove_xcomp
33,2,but,CONJ,CC,12,cc,2:cc|12:ROOT,said,ROOT,but,but_cc,said,said_ROOT
33,3,grandmother,NOUN,NNP,12,nsubj,3:nsubj|12:ROOT,said,ROOT,grandmother,grandmother_nsubj,said,said_ROOT
33,5,what,PRON,WP,7,det,5:det|7:dobj,ears,dobj,what,what_det,ears,ears_dobj
33,6,big,ADJ,JJ,7,amod,6:amod|7:dobj,ears,dobj,big,big_amod,ears,ears_dobj
33,7,ears,NOUN,NNS,9,dobj,7:dobj|9:ccomp,have,ccomp,ears,ears_dobj,have,have_ccomp
33,8,you,PRON,PRP,9,nsubj,8:nsubj|9:ccomp,have,ccomp,you,you_nsubj,have,have_ccomp
33,9,have,VERB,VBP,12,ccomp,9:ccomp|12:ROOT,said,ROOT,have,have_ccomp,said,said_ROOT
33,12,said,VERB,VBD,0,ROOT,12:ROOT|0:NA,NA,NA,said,said_ROOT,NA,NA_NA
33,13,little,NOUN,NNP,16,nn,13:nn|16:dobj,Hood,dobj,little,little_nn,Hood,Hood_dobj
33,14,red,NOUN,NNP,16,nn,14:nn|16:dobj,Hood,dobj,red,red_nn,Hood,Hood_dobj
33,15,riding,NOUN,NNP,16,nn,15:nn|16:dobj,Hood,dobj,riding,riding_nn,Hood,Hood_dobj
33,16,hood,NOUN,NNP,12,dobj,16:dobj|12:ROOT,said,ROOT,hood,hood_dobj,said,said_ROOT
33,17,as,ADP,IN,19,mark,17:mark|19:advcl,edged,advcl,a,as_mark,edged,edged_advcl
33,18,she,PRON,PRP,19,nsubj,18:nsubj|19:advcl,edged,advcl,she,she_nsubj,edged,edged_advcl
33,19,edged,VERB,VBD,12,advcl,19:advcl|12:ROOT,said,ROOT,edged,edged_advcl,said,said_ROOT
33,20,closer,ADV,RBR,19,advmod,20:advmod|19:advcl,edged,advcl,closer,closer_advmod,edged,edged_advcl
33,21,to,ADP,IN,20,prep,21:prep|20:advmod,closer,advmod,to,to_prep,closer,closer_advmod
33,22,the,DET,DT,23,det,22:det|23:pobj,bed,pobj,the,the_det,bed,bed_pobj
33,23,bed,NOUN,NN,21,pobj,23:pobj|21:prep,to,prep,be,bed_pobj,to,to_prep
34,2,the,DET,DT,3,det,2:det|3:nsubj,better,nsubj,the,the_det,better,better_nsubj
34,3,better,ADJ,JJR,13,nsubj,3:nsubj|13:ROOT,replied,ROOT,better,better_nsubj,replied,replied_ROOT
34,4,to,PRT,TO,5,aux,4:aux|5:infmod,hear,infmod,to,to_aux,hear,hear_infmod
34,5,hear,VERB,VB,3,infmod,5:infmod|3:nsubj,better,nsubj,hear,hear_infmod,better,better_nsubj
34,6,you,PRON,PRP,5,dobj,6:dobj|5:infmod,hear,infmod,you,you_dobj,hear,hear_infmod
34,7,with,ADP,IN,5,prep,7:prep|5:infmod,hear,infmod,with,with_prep,hear,hear_infmod
34,9,my,PRON,PRP$,10,poss,9:poss|10:appos,dear,appos,my,my_poss,dear,dear_appos
34,10,dear,NOUN,NN,3,appos,10:appos|3:nsubj,better,nsubj,dear,dear_appos,better,better_nsubj
34,13,replied,VERB,VBD,0,ROOT,13:ROOT|0:NA,NA,NA,replied,replied_ROOT,NA,NA_NA
34,14,the,DET,DT,15,det,14:det|15:dobj,wolf,dobj,the,the_det,wolf,wolf_dobj
34,15,wolf,NOUN,NN,13,dobj,15:dobj|13:ROOT,replied,ROOT,wolf,wolf_dobj,replied,replied_ROOT
35,2,but,CONJ,CC,9,cc,2:cc|9:ccomp,have,ccomp,but,but_cc,have,have_ccomp
35,3,grandmother,NOUN,NNP,9,nsubj,3:nsubj|9:ccomp,have,ccomp,grandmother,grandmother_nsubj,have,have_ccomp
35,5,what,PRON,WP,7,det,5:det|7:dobj,eyes,dobj,what,what_det,eyes,eyes_dobj
35,6,big,ADJ,JJ,7,amod,6:amod|7:dobj,eyes,dobj,big,big_amod,eyes,eyes_dobj
35,7,eyes,NOUN,NNS,9,dobj,7:dobj|9:ccomp,have,ccomp,eyes,eyes_dobj,have,have_ccomp
35,8,you,PRON,PRP,9,nsubj,8:nsubj|9:ccomp,have,ccomp,you,you_nsubj,have,have_ccomp
35,9,have,VERB,VBP,12,ccomp,9:ccomp|12:ROOT,said,ROOT,have,have_ccomp,said,said_ROOT
35,12,said,VERB,VBD,0,ROOT,12:ROOT|0:NA,NA,NA,said,said_ROOT,NA,NA_NA
35,13,little,NOUN,NNP,16,nn,13:nn|16:nsubj,Hood,nsubj,little,little_nn,Hood,Hood_nsubj
35,14,red,NOUN,NNP,16,nn,14:nn|16:nsubj,Hood,nsubj,red,red_nn,Hood,Hood_nsubj
35,15,riding,NOUN,NNP,16,nn,15:nn|16:nsubj,Hood,nsubj,riding,riding_nn,Hood,Hood_nsubj
35,16,hood,NOUN,NNP,12,nsubj,16:nsubj|12:ROOT,said,ROOT,hood,hood_nsubj,said,said_ROOT
36,2,the,DET,DT,3,det,2:det|3:nsubj,better,nsubj,the,the_det,better,better_nsubj
36,3,better,ADJ,JJR,13,nsubj,3:nsubj|13:ROOT,replied,ROOT,better,better_nsubj,replied,replied_ROOT
36,4,to,PRT,TO,5,aux,4:aux|5:infmod,see,infmod,to,to_aux,see,see_infmod
36,5,see,VERB,VB,3,infmod,5:infmod|3:nsubj,better,nsubj,see,see_infmod,better,better_nsubj
36,6,you,PRON,PRP,5,dobj,6:dobj|5:infmod,see,infmod,you,you_dobj,see,see_infmod
36,7,with,ADP,IN,5,prep,7:prep|5:infmod,see,infmod,with,with_prep,see,see_infmod
36,9,my,PRON,PRP$,10,poss,9:poss|10:appos,dear,appos,my,my_poss,dear,dear_appos
36,10,dear,NOUN,NN,3,appos,10:appos|3:nsubj,better,nsubj,dear,dear_appos,better,better_nsubj
36,13,replied,VERB,VBD,0,ROOT,13:ROOT|0:NA,NA,NA,replied,replied_ROOT,NA,NA_NA
36,14,the,DET,DT,15,det,14:det|15:dobj,wolf,dobj,the,the_det,wolf,wolf_dobj
36,15,wolf,NOUN,NN,13,dobj,15:dobj|13:ROOT,replied,ROOT,wolf,wolf_dobj,replied,replied_ROOT
37,2,but,CONJ,CC,9,cc,2:cc|9:ccomp,have,ccomp,but,but_cc,have,have_ccomp
37,3,grandmother,NOUN,NNP,9,nsubj,3:nsubj|9:ccomp,have,ccomp,grandmother,grandmother_nsubj,have,have_ccomp
37,5,what,PRON,WP,7,det,5:det|7:dobj,teeth,dobj,what,what_det,teeth,teeth_dobj
37,6,big,ADJ,JJ,7,amod,6:amod|7:dobj,teeth,dobj,big,big_amod,teeth,teeth_dobj
37,7,teeth,NOUN,NNS,9,dobj,7:dobj|9:ccomp,have,ccomp,teeth,teeth_dobj,have,have_ccomp
37,8,you,PRON,PRP,9,nsubj,8:nsubj|9:ccomp,have,ccomp,you,you_nsubj,have,have_ccomp
37,9,have,VERB,VBP,12,ccomp,9:ccomp|12:ROOT,said,ROOT,have,have_ccomp,said,said_ROOT
37,12,said,VERB,VBD,0,ROOT,12:ROOT|0:NA,NA,NA,said,said_ROOT,NA,NA_NA
37,13,little,NOUN,NNP,16,nn,13:nn|16:nsubj,Hood,nsubj,little,little_nn,Hood,Hood_nsubj
37,14,red,NOUN,NNP,16,nn,14:nn|16:nsubj,Hood,nsubj,red,red_nn,Hood,Hood_nsubj
37,15,riding,NOUN,NNP,16,nn,15:nn|16:nsubj,Hood,nsubj,riding,riding_nn,Hood,Hood_nsubj
37,16,hood,NOUN,NNP,12,nsubj,16:nsubj|12:ROOT,said,ROOT,hood,hood_nsubj,said,said_ROOT
37,17,her,PRON,PRP$,18,poss,17:poss|18:nsubj,voice,nsubj,her,her_poss,voice,voice_nsubj
37,18,voice,NOUN,NN,19,nsubj,18:nsubj|19:rcmod,quivering,rcmod,voice,voice_nsubj,quivering,quivering_rcmod
37,19,quivering,VERB,VBG,16,rcmod,19:rcmod|16:nsubj,Hood,nsubj,quivering,quivering_rcmod,Hood,Hood_nsubj
37,20,slightly,ADV,RB,19,advmod,20:advmod|19:rcmod,quivering,rcmod,slightly,slightly_advmod,quivering,quivering_rcmod
38,2,the,DET,DT,3,det,2:det|3:nsubj,better,nsubj,the,the_det,better,better_nsubj
38,3,better,ADJ,JJR,13,nsubj,3:nsubj|13:ROOT,roared,ROOT,better,better_nsubj,roared,roared_ROOT
38,4,to,PRT,TO,5,aux,4:aux|5:infmod,eat,infmod,to,to_aux,eat,eat_infmod
38,5,eat,VERB,VB,3,infmod,5:infmod|3:nsubj,better,nsubj,eat,eat_infmod,better,better_nsubj
38,6,you,PRON,PRP,5,dobj,6:dobj|5:infmod,eat,infmod,you,you_dobj,eat,eat_infmod
38,7,with,ADP,IN,5,prep,7:prep|5:infmod,eat,infmod,with,with_prep,eat,eat_infmod
38,9,my,PRON,PRP$,10,poss,9:poss|10:appos,dear,appos,my,my_poss,dear,dear_appos
38,10,dear,NOUN,NN,3,appos,10:appos|3:nsubj,better,nsubj,dear,dear_appos,better,better_nsubj
38,13,roared,VERB,VBD,0,ROOT,13:ROOT|0:NA,NA,NA,roared,roared_ROOT,NA,NA_NA
38,14,the,DET,DT,15,det,14:det|15:dobj,wolf,dobj,the,the_det,wolf,wolf_dobj
38,15,wolf,NOUN,NN,13,dobj,15:dobj|13:ROOT,roared,ROOT,wolf,wolf_dobj,roared,roared_ROOT
38,16,and,CONJ,CC,13,cc,16:cc|13:ROOT,roared,ROOT,and,and_cc,roared,roared_ROOT
38,17,he,PRON,PRP,18,nsubj,17:nsubj|18:conj,leapt,conj,he,he_nsubj,leapt,leapt_conj
38,18,leapt,VERB,VBD,13,conj,18:conj|13:ROOT,roared,ROOT,leapt,leapt_conj,roared,roared_ROOT
38,19,out,ADP,IN,18,prep,19:prep|18:conj,leapt,conj,out,out_prep,leapt,leapt_conj
38,20,of,ADP,IN,19,pcomp,20:pcomp|19:prep,out,prep,of,of_pcomp,out,out_prep
38,21,the,DET,DT,22,det,21:det|22:pobj,bed,pobj,the,the_det,bed,bed_pobj
38,22,bed,NOUN,NN,20,pobj,22:pobj|20:pcomp,of,pcomp,be,bed_pobj,of,of_pcomp
38,23,and,CONJ,CC,18,cc,23:cc|18:conj,leapt,conj,and,and_cc,leapt,leapt_conj
38,24,began,VERB,VBD,18,conj,24:conj|18:conj,leapt,conj,began,began_conj,leapt,leapt_conj
38,25,to,PRT,TO,26,aux,25:aux|26:xcomp,chase,xcomp,to,to_aux,chase,chase_xcomp
38,26,chase,VERB,VB,24,xcomp,26:xcomp|24:conj,began,conj,chase,chase_xcomp,began,began_conj
38,27,the,DET,DT,29,det,27:det|29:dobj,girl,dobj,the,the_det,girl,girl_dobj
38,28,little,ADJ,JJ,29,amod,28:amod|29:dobj,girl,dobj,little,little_amod,girl,girl_dobj
38,29,girl,NOUN,NN,26,dobj,29:dobj|26:xcomp,chase,xcomp,girl,girl_dobj,chase,chase_xcomp
39,1,almost,ADV,RB,3,advmod,1:advmod|3:advmod,late,advmod,almost,almost_advmod,late,late_advmod
39,2,too,ADV,RB,3,advmod,2:advmod|3:advmod,late,advmod,too,too_advmod,late,late_advmod
39,3,late,ADV,RB,9,advmod,3:advmod|9:ROOT,realized,ROOT,late,late_advmod,realized,realized_ROOT
39,5,little,NOUN,NNP,8,nn,5:nn|8:nsubj,Hood,nsubj,little,little_nn,Hood,Hood_nsubj
39,6,red,NOUN,NNP,8,nn,6:nn|8:nsubj,Hood,nsubj,red,red_nn,Hood,Hood_nsubj
39,7,riding,NOUN,NNP,8,nn,7:nn|8:nsubj,Hood,nsubj,riding,riding_nn,Hood,Hood_nsubj
39,8,hood,NOUN,NNP,9,nsubj,8:nsubj|9:ROOT,realized,ROOT,hood,hood_nsubj,realized,realized_ROOT
39,9,realized,VERB,VBD,0,ROOT,9:ROOT|0:NA,NA,NA,realized,realized_ROOT,NA,NA_NA
39,10,that,ADP,IN,19,mark,10:mark|19:ccomp,Grandmother,ccomp,that,that_mark,grandmother,Grandmother_ccomp
39,11,the,DET,DT,12,det,11:det|12:nsubj,person,nsubj,the,the_det,person,person_nsubj
39,12,person,NOUN,NN,19,nsubj,12:nsubj|19:ccomp,Grandmother,ccomp,person,person_nsubj,grandmother,Grandmother_ccomp
39,13,in,ADP,IN,12,prep,13:prep|12:nsubj,person,nsubj,in,in_prep,person,person_nsubj
39,14,the,DET,DT,15,det,14:det|15:pobj,bed,pobj,the,the_det,bed,bed_pobj
39,15,bed,NOUN,NN,13,pobj,15:pobj|13:prep,in,prep,be,bed_pobj,in,in_prep
39,16,was,VERB,VBD,19,cop,16:cop|19:ccomp,Grandmother,ccomp,was,was_cop,grandmother,Grandmother_ccomp
39,17,not,ADV,RB,19,neg,17:neg|19:ccomp,Grandmother,ccomp,not,not_neg,grandmother,Grandmother_ccomp
39,18,her,PRON,PRP$,19,poss,18:poss|19:ccomp,Grandmother,ccomp,her,her_poss,grandmother,Grandmother_ccomp
39,19,grandmother,NOUN,NNP,9,ccomp,19:ccomp|9:ROOT,realized,ROOT,grandmother,grandmother_ccomp,realized,realized_ROOT
39,21,but,CONJ,CC,19,cc,21:cc|19:ccomp,Grandmother,ccomp,but,but_cc,grandmother,Grandmother_ccomp
39,22,a,DET,DT,24,det,22:det|24:conj,wolf,conj,a,a_det,wolf,wolf_conj
39,23,hungry,ADJ,JJ,24,amod,23:amod|24:conj,wolf,conj,hungry,hungry_amod,wolf,wolf_conj
39,24,wolf,NOUN,NN,19,conj,24:conj|19:ccomp,Grandmother,ccomp,wolf,wolf_conj,grandmother,Grandmother_ccomp
40,1,she,PRON,PRP,2,nsubj,1:nsubj|2:ROOT,ran,ROOT,she,she_nsubj,ran,ran_ROOT
40,2,ran,VERB,VBD,0,ROOT,2:ROOT|0:NA,NA,NA,ran,ran_ROOT,NA,NA_NA
40,3,across,ADP,IN,2,prep,3:prep|2:ROOT,ran,ROOT,across,across_prep,ran,ran_ROOT
40,4,the,DET,DT,5,det,4:det|5:pobj,room,pobj,the,the_det,room,room_pobj
40,5,room,NOUN,NN,3,pobj,5:pobj|3:prep,across,prep,room,room_pobj,across,across_prep
40,6,and,CONJ,CC,3,cc,6:cc|3:prep,across,prep,and,and_cc,across,across_prep
40,7,through,ADP,IN,3,conj,7:conj|3:prep,across,prep,through,through_conj,across,across_prep
40,8,the,DET,DT,9,det,8:det|9:pobj,door,pobj,the,the_det,door,door_pobj
40,9,door,NOUN,NN,7,pobj,9:pobj|7:conj,through,conj,door,door_pobj,through,through_conj
40,11,shouting,VERB,VBG,2,xcomp,11:xcomp|2:ROOT,ran,ROOT,shouted,shouting_xcomp,ran,ran_ROOT
40,14,help,VERB,VB,11,dep,14:dep|11:xcomp,shouting,xcomp,help,help_dep,shouted,shouting_xcomp
40,16,wolf,NOUN,NNP,14,dobj,16:dobj|14:dep,Help,dep,wolf,wolf_dobj,Help,Help_dep
40,19,as,ADV,RB,20,advmod,19:advmod|20:advmod,loudly,advmod,a,as_advmod,loudly,loudly_advmod
40,20,loudly,ADV,RB,11,advmod,20:advmod|11:xcomp,shouting,xcomp,loudly,loudly_advmod,shouted,shouting_xcomp
40,21,as,ADP,IN,23,mark,21:mark|23:ccomp,could,ccomp,a,as_mark,could,could_ccomp
40,22,she,PRON,PRP,23,nsubj,22:nsubj|23:ccomp,could,ccomp,she,she_nsubj,could,could_ccomp
40,23,could,VERB,MD,20,ccomp,23:ccomp|20:advmod,loudly,advmod,could,could_ccomp,loudly,loudly_advmod
41,1,a,DET,DT,2,det,1:det|2:nsubj,woodsman,nsubj,a,a_det,woodsman,woodsman_nsubj
41,2,woodsman,NOUN,NN,8,nsubj,2:nsubj|8:ROOT,heard,ROOT,woodsman,woodsman_nsubj,heard,heard_ROOT
41,3,who,PRON,WP,5,nsubj,3:nsubj|5:rcmod,chopping,rcmod,who,who_nsubj,chopping,chopping_rcmod
41,4,was,VERB,VBD,5,aux,4:aux|5:rcmod,chopping,rcmod,was,was_aux,chopping,chopping_rcmod
41,5,chopping,VERB,VBG,2,rcmod,5:rcmod|2:nsubj,woodsman,nsubj,chopping,chopping_rcmod,woodsman,woodsman_nsubj
41,6,logs,NOUN,NNS,5,dobj,6:dobj|5:rcmod,chopping,rcmod,logs,logs_dobj,chopping,chopping_rcmod
41,7,nearby,ADV,RB,5,advmod,7:advmod|5:rcmod,chopping,rcmod,nearby,nearby_advmod,chopping,chopping_rcmod
41,8,heard,VERB,VBN,0,ROOT,8:ROOT|0:NA,NA,NA,heard,heard_ROOT,NA,NA_NA
41,9,her,PRON,PRP$,10,poss,9:poss|10:dobj,cry,dobj,her,her_poss,cry,cry_dobj
41,10,cry,NOUN,NN,8,dobj,10:dobj|8:ROOT,heard,ROOT,cry,cry_dobj,heard,heard_ROOT
41,11,and,CONJ,CC,8,cc,11:cc|8:ROOT,heard,ROOT,and,and_cc,heard,heard_ROOT
41,12,ran,VERB,VBD,8,conj,12:conj|8:ROOT,heard,ROOT,ran,ran_conj,heard,heard_ROOT
41,13,towards,ADP,IN,12,prep,13:prep|12:conj,ran,conj,towards,towards_prep,ran,ran_conj
41,14,the,DET,DT,15,det,14:det|15:pobj,cottage,pobj,the,the_det,cottage,cottage_pobj
41,15,cottage,NOUN,NN,13,pobj,15:pobj|13:prep,towards,prep,cottage,cottage_pobj,towards,towards_prep
41,16,as,ADV,RB,17,advmod,16:advmod|17:advmod,fast,advmod,a,as_advmod,fast,fast_advmod
41,17,fast,ADV,RB,12,advmod,17:advmod|12:conj,ran,conj,fast,fast_advmod,ran,ran_conj
41,18,as,ADP,IN,20,mark,18:mark|20:ccomp,could,ccomp,a,as_mark,could,could_ccomp
41,19,he,PRON,PRP,20,nsubj,19:nsubj|20:ccomp,could,ccomp,he,he_nsubj,could,could_ccomp
41,20,could,VERB,MD,17,ccomp,20:ccomp|17:advmod,fast,advmod,could,could_ccomp,fast,fast_advmod
42,1,he,PRON,PRP,2,nsubj,1:nsubj|2:ROOT,grabbed,ROOT,he,he_nsubj,grabbed,grabbed_ROOT
42,2,grabbed,VERB,VBD,0,ROOT,2:ROOT|0:NA,NA,NA,grabbed,grabbed_ROOT,NA,NA_NA
42,3,the,DET,DT,4,det,3:det|4:dobj,wolf,dobj,the,the_det,wolf,wolf_dobj
42,4,wolf,NOUN,NN,2,dobj,4:dobj|2:ROOT,grabbed,ROOT,wolf,wolf_dobj,grabbed,grabbed_ROOT
42,5,and,CONJ,CC,2,cc,5:cc|2:ROOT,grabbed,ROOT,and,and_cc,grabbed,grabbed_ROOT
42,6,made,VERB,VBD,2,conj,6:conj|2:ROOT,grabbed,ROOT,made,made_conj,grabbed,grabbed_ROOT
42,7,him,PRON,PRP,8,nsubj,7:nsubj|8:ccomp,spit,ccomp,him,him_nsubj,spit,spit_ccomp
42,8,spit,VERB,VBN,6,ccomp,8:ccomp|6:conj,made,conj,spit,spit_ccomp,made,made_conj
42,9,out,PRT,RP,8,prt,9:prt|8:ccomp,spit,ccomp,out,out_prt,spit,spit_ccomp
42,10,the,DET,DT,12,det,10:det|12:dobj,Grandmother,dobj,the,the_det,grandmother,Grandmother_dobj
42,11,poor,ADJ,JJ,12,amod,11:amod|12:dobj,Grandmother,dobj,poor,poor_amod,grandmother,Grandmother_dobj
42,12,grandmother,NOUN,NNP,8,dobj,12:dobj|8:ccomp,spit,ccomp,grandmother,grandmother_dobj,spit,spit_ccomp
42,13,who,PRON,WP,17,nsubj,13:nsubj|17:rcmod,frazzled,rcmod,who,who_nsubj,frazzled,frazzled_rcmod
42,14,was,VERB,VBD,17,cop,14:cop|17:rcmod,frazzled,rcmod,was,was_cop,frazzled,frazzled_rcmod
42,15,a,DET,DT,16,det,15:det|16:dep,bit,dep,a,a_det,bit,bit_dep
42,16,bit,NOUN,NN,17,dep,16:dep|17:rcmod,frazzled,rcmod,bit,bit_dep,frazzled,frazzled_rcmod
42,17,frazzled,VERB,VBN,12,rcmod,17:rcmod|12:dobj,Grandmother,dobj,frazzled,frazzled_rcmod,grandmother,Grandmother_dobj
42,18,by,ADP,IN,17,prep,18:prep|17:rcmod,frazzled,rcmod,by,by_prep,frazzled,frazzled_rcmod
42,19,the,DET,DT,21,det,19:det|21:pobj,experience,pobj,the,the_det,experience,experience_pobj
42,20,whole,ADJ,JJ,21,amod,20:amod|21:pobj,experience,pobj,whole,whole_amod,experience,experience_pobj
42,21,experience,NOUN,NN,18,pobj,21:pobj|18:prep,by,prep,experience,experience_pobj,by,by_prep
42,23,but,CONJ,CC,2,cc,23:cc|2:ROOT,grabbed,ROOT,but,but_cc,grabbed,grabbed_ROOT
42,24,still,ADV,RB,25,advmod,24:advmod|25:prep,in,prep,still,still_advmod,in,in_prep
42,25,in,ADP,IN,35,prep,25:prep|35:conj,scared,conj,in,in_prep,scared,scared_conj
42,26,one,NUM,CD,27,num,26:num|27:pobj,piece.,pobj,on,one_num,piece.,piece._pobj
42,27,piece.,NOUN,NN,25,pobj,27:pobj|25:prep,in,prep,piece.,piece._pobj,in,in_prep
42,29,oh,X,UH,25,discourse,29:discourse|25:prep,in,prep,oh,oh_discourse,in,in_prep
42,30,grandma,NOUN,NNP,25,pobj,30:pobj|25:prep,in,prep,grandma,grandma_pobj,in,in_prep
42,32,i,PRON,PRP,35,nsubj,32:nsubj|35:conj,scared,conj,i,i_nsubj,scared,scared_conj
42,33,was,VERB,VBD,35,cop,33:cop|35:conj,scared,conj,was,was_cop,scared,scared_conj
42,34,so,ADV,RB,35,advmod,34:advmod|35:conj,scared,conj,so,so_advmod,scared,scared_conj
42,35,scared,ADJ,JJ,2,conj,35:conj|2:ROOT,grabbed,ROOT,scared,scared_conj,grabbed,grabbed_ROOT
42,38,sobbed,VERB,VBN,42,amod,38:amod|42:dobj,Hood,dobj,sobbed,sobbed_amod,Hood,Hood_dobj
42,39,little,NOUN,NNP,42,nn,39:nn|42:dobj,Hood,dobj,little,little_nn,Hood,Hood_dobj
42,40,red,NOUN,NNP,42,nn,40:nn|42:dobj,Hood,dobj,red,red_nn,Hood,Hood_dobj
42,41,riding,NOUN,NNP,42,nn,41:nn|42:dobj,Hood,dobj,riding,riding_nn,Hood,Hood_dobj
42,42,hood,NOUN,NNP,2,dobj,42:dobj|2:ROOT,grabbed,ROOT,hood,hood_dobj,grabbed,grabbed_ROOT
42,45,i,PRON,PRP,48,nsubj,45:nsubj|48:ccomp,speak,ccomp,i,i_nsubj,speak,speak_ccomp
42,46,'ll,VERB,MD,48,aux,46:aux|48:ccomp,speak,ccomp,'ll,'ll_aux,speak,speak_ccomp
42,47,never,ADV,RB,48,neg,47:neg|48:ccomp,speak,ccomp,never,never_neg,speak,speak_ccomp
42,48,speak,VERB,VB,2,ccomp,48:ccomp|2:ROOT,grabbed,ROOT,speak,speak_ccomp,grabbed,grabbed_ROOT
42,49,to,ADP,IN,48,prep,49:prep|48:ccomp,speak,ccomp,to,to_prep,speak,speak_ccomp
42,50,strangers,NOUN,NNS,49,pobj,50:pobj|49:prep,to,prep,strangers,strangers_pobj,to,to_prep
42,51,or,CONJ,CC,50,cc,51:cc|50:pobj,strangers,pobj,or,or_cc,strangers,strangers_pobj
42,52,dawdle,NOUN,NN,50,conj,52:conj|50:pobj,strangers,pobj,dawdle,dawdle_conj,strangers,strangers_pobj
42,53,in,ADP,IN,50,prep,53:prep|50:pobj,strangers,pobj,in,in_prep,strangers,strangers_pobj
42,54,the,DET,DT,55,det,54:det|55:pobj,forest,pobj,the,the_det,forest,forest_pobj
42,55,forest,NOUN,NN,53,pobj,55:pobj|53:prep,in,prep,forest,forest_pobj,in,in_prep
42,56,again,ADV,RB,48,advmod,56:advmod|48:ccomp,speak,ccomp,again,again_advmod,speak,speak_ccomp
43,2,there,ADV,RB,6,advmod,2:advmod|6:ROOT,child,ROOT,there,there_advmod,child,child_ROOT
43,4,there,ADV,RB,6,dep,4:dep|6:ROOT,child,ROOT,there,there_dep,child,child_ROOT
43,6,child,NOUN,NN,0,ROOT,6:ROOT|0:NA,NA,NA,child,child_ROOT,NA,NA_NA
44,1,you,PRON,PRP,3,nsubj,1:nsubj|3:ROOT,learned,ROOT,you,you_nsubj,learned,learned_ROOT
44,2,'ve,VERB,VBP,3,aux,2:aux|3:ROOT,learned,ROOT,'ve,'ve_aux,learned,learned_ROOT
44,3,learned,VERB,VBN,0,ROOT,3:ROOT|0:NA,NA,NA,learned,learned_ROOT,NA,NA_NA
44,4,an,DET,DT,6,det,4:det|6:dobj,lesson,dobj,an,an_det,lesson,lesson_dobj
44,5,important,ADJ,JJ,6,amod,5:amod|6:dobj,lesson,dobj,important,important_amod,lesson,lesson_dobj
44,6,lesson,NOUN,NN,3,dobj,6:dobj|3:ROOT,learned,ROOT,lesson,lesson_dobj,learned,learned_ROOT
45,1,thank,VERB,VBP,0,ROOT,1:ROOT|0:NA,NA,NA,thank,thank_ROOT,NA,NA_NA
45,2,goodness,NOUN,NN,1,dobj,2:dobj|1:ROOT,Thank,ROOT,good,goodness_dobj,thank,Thank_ROOT
45,3,you,PRON,PRP,4,nsubj,3:nsubj|4:dep,shouted,dep,you,you_nsubj,shouted,shouted_dep
45,4,shouted,VERB,VBD,1,dep,4:dep|1:ROOT,Thank,ROOT,shouted,shouted_dep,thank,Thank_ROOT
45,5,loud,ADV,RB,6,advmod,5:advmod|6:advmod,enough,advmod,loud,loud_advmod,enough,enough_advmod
45,6,enough,ADV,RB,4,advmod,6:advmod|4:dep,shouted,dep,enough,enough_advmod,shouted,shouted_dep
45,7,for,ADP,IN,12,mark,7:mark|12:advcl,hear,advcl,for,for_mark,hear,hear_advcl
45,8,this,DET,DT,10,det,8:det|10:nsubj,woodsman,nsubj,this,this_det,woodsman,woodsman_nsubj
45,9,kind,NOUN,NN,10,amod,9:amod|10:nsubj,woodsman,nsubj,kind,kind_amod,woodsman,woodsman_nsubj
45,10,woodsman,NOUN,NN,12,nsubj,10:nsubj|12:advcl,hear,advcl,woodsman,woodsman_nsubj,hear,hear_advcl
45,11,to,PRT,TO,12,aux,11:aux|12:advcl,hear,advcl,to,to_aux,hear,hear_advcl
45,12,hear,VERB,VB,4,advcl,12:advcl|4:dep,shouted,dep,hear,hear_advcl,shouted,shouted_dep
45,13,you,PRON,PRP,12,dobj,13:dobj|12:advcl,hear,advcl,you,you_dobj,hear,hear_advcl
46,1,the,DET,DT,2,det,1:det|2:nsubj,woodsman,nsubj,the,the_det,woodsman,woodsman_nsubj
46,2,woodsman,NOUN,NN,3,nsubj,2:nsubj|3:ROOT,knocked,ROOT,woodsman,woodsman_nsubj,knock,knocked_ROOT
46,3,knocked,VERB,VBD,0,ROOT,3:ROOT|0:NA,NA,NA,knock,knocked_ROOT,NA,NA_NA
46,4,out,PRT,RP,3,prt,4:prt|3:ROOT,knocked,ROOT,out,out_prt,knock,knocked_ROOT
46,5,the,DET,DT,6,det,5:det|6:dobj,wolf,dobj,the,the_det,wolf,wolf_dobj
46,6,wolf,NOUN,NN,3,dobj,6:dobj|3:ROOT,knocked,ROOT,wolf,wolf_dobj,knock,knocked_ROOT
46,7,and,CONJ,CC,3,cc,7:cc|3:ROOT,knocked,ROOT,and,and_cc,knock,knocked_ROOT
46,8,carried,VERB,VBD,3,conj,8:conj|3:ROOT,knocked,ROOT,carried,carried_conj,knock,knocked_ROOT
46,9,him,PRON,PRP,8,dobj,9:dobj|8:conj,carried,conj,him,him_dobj,carried,carried_conj
46,10,deep,ADV,RB,11,advmod,10:advmod|11:prep,into,prep,deep,deep_advmod,into,into_prep
46,11,into,ADP,IN,8,prep,11:prep|8:conj,carried,conj,into,into_prep,carried,carried_conj
46,12,the,DET,DT,13,det,12:det|13:pobj,forest,pobj,the,the_det,forest,forest_pobj
46,13,forest,NOUN,NN,11,pobj,13:pobj|11:prep,into,prep,forest,forest_pobj,into,into_prep
46,14,where,ADV,WRB,18,advmod,14:advmod|18:rcmod,bother,rcmod,where,where_advmod,bother,bother_rcmod
46,15,he,PRON,PRP,18,nsubj,15:nsubj|18:rcmod,bother,rcmod,he,he_nsubj,bother,bother_rcmod
46,16,would,VERB,MD,18,aux,16:aux|18:rcmod,bother,rcmod,would,would_aux,bother,bother_rcmod
46,17,n't,ADV,RB,18,neg,17:neg|18:rcmod,bother,rcmod,n't,n't_neg,bother,bother_rcmod
46,18,bother,VERB,VB,13,rcmod,18:rcmod|13:pobj,forest,pobj,bother,bother_rcmod,forest,forest_pobj
46,19,people,NOUN,NNS,18,dobj,19:dobj|18:rcmod,bother,rcmod,people,people_dobj,bother,bother_rcmod
46,20,any,ADV,RB,21,advmod,20:advmod|21:advmod,longer,advmod,any,any_advmod,longer,longer_advmod
46,21,longer,ADV,RBR,18,advmod,21:advmod|18:rcmod,bother,rcmod,long,longer_advmod,bother,bother_rcmod
47,1,little,NOUN,NNP,4,nn,1:nn|4:nsubj,Hood,nsubj,little,little_nn,Hood,Hood_nsubj
47,2,red,NOUN,NNP,4,nn,2:nn|4:nsubj,Hood,nsubj,red,red_nn,Hood,Hood_nsubj
47,3,riding,NOUN,NNP,4,nn,3:nn|4:nsubj,Hood,nsubj,riding,riding_nn,Hood,Hood_nsubj
47,4,hood,NOUN,NNP,8,nsubj,4:nsubj|8:ROOT,had,ROOT,hood,hood_nsubj,had,had_ROOT
47,5,and,CONJ,CC,4,cc,5:cc|4:nsubj,Hood,nsubj,and,and_cc,Hood,Hood_nsubj
47,6,her,PRON,PRP$,7,poss,6:poss|7:conj,Grandmother,conj,her,her_poss,grandmother,Grandmother_conj
47,7,grandmother,NOUN,NNP,4,conj,7:conj|4:nsubj,Hood,nsubj,grandmother,grandmother_conj,Hood,Hood_nsubj
47,8,had,VERB,VBD,0,ROOT,8:ROOT|0:NA,NA,NA,had,had_ROOT,NA,NA_NA
47,9,a,DET,DT,11,det,9:det|11:dobj,lunch,dobj,a,a_det,lunch,lunch_dobj
47,10,nice,ADJ,JJ,11,amod,10:amod|11:dobj,lunch,dobj,nice,nice_amod,lunch,lunch_dobj
47,11,lunch,NOUN,NN,8,dobj,11:dobj|8:ROOT,had,ROOT,lunch,lunch_dobj,had,had_ROOT
47,12,and,CONJ,CC,11,cc,12:cc|11:dobj,lunch,dobj,and,and_cc,lunch,lunch_dobj
47,13,a,DET,DT,15,det,13:det|15:conj,chat,conj,a,a_det,chat,chat_conj
47,14,long,ADJ,JJ,15,amod,14:amod|15:conj,chat,conj,long,long_amod,chat,chat_conj
47,15,chat,NOUN,NN,11,conj,15:conj|11:dobj,lunch,dobj,chat,chat_conj,lunch,lunch_dobj
